,Ad Name,Adset Name,Creative Type,Spend In USD,Impressions,First Ad Spend Date,Last Ad Spend Date,Days ad spending
1,CB_2025_Mar_FB_3891_VK_V05_1x1_IMG_EN_New_C-BulletPoints_Evergreen_CTA-65_Angle-W-B-C_M-NONE_VL-None_G-M_P-OG_S-NONE - Copy,üå∂Ô∏è || US || ASC+ || ->CC141 || VIDEO Only || US+CA || 0% EXISTING CAP || 7C || 07/08.24  Ad set,,"$14,295","894,698",2025-03-15,2025-03-27,12
2,CB_2023_Apr_FB_1989_RS_V08_9x16_VID_EN_Opti_C-Trend_CTA-SMR_Pain-W_M-MIX_VL-30s_TR-None_G-MF_P-None,üå∂Ô∏è || US || ASC+ || ->CC141 || VIDEO Only || US+CA || 0% EXISTING CAP || 7C || 07/08.24  Ad set,VIDEO,"$12,962","534,636",2024-08-07,2025-03-24,229
3,Dynamic_Creative_Statics_CA_Flow,WC || CA || DYNAMIC CREATIVE Static winners || ADV+ audience || 7C || 16.02.2025,SHARE,"$6,272","564,910",2025-02-16,2025-03-27,39
4,CB_2024_Sep_FB_3175_DA-KB_V04_1x1_IMG_EN_New_C-ADVRT_Evergreen_CTA-NONE_Angle-W_M-NONE_VL-None_G-NONE_P-CBV2_S-NONE_blog_colonbroomvsmammoth_cv_en,CBV2 || Advantage+ || Advertorial || Higher pricing || US || 0% EXISTING CAP || BROAD || 7C || 20/01/25  Campaign Ad set,SHARE,"$5,506","196,955",2025-01-20,2025-03-27,66
5,CB_2025_Feb_FB_3827_LZ_V04_1x1_IMG_EN_Opti_C-Headline_Evergreen_CTA-SALE_Angle-W_M-NONE_VL-None_G-M_P-CBV2_S-NONE_FB3779V02,CBV2 || US || Manual Bid: ROAS GOAL: 1.00 -> 1.1 || 7DC || 22/01/2025,SHARE,"$5,315","178,463",2025-02-18,2025-03-27,37
6,CB_2025_Feb_FB_3827_LZ_V01_1x1_IMG_EN_Opti_C-Headline_Evergreen_CTA-NONE_Angle-W_M-NONE_VL-None_G-M_P-CBV2_S-NONE_FB3723V04,CBV2 || US || Manual Bid: ROAS GOAL: 1.00 -> 1.1 || 7DC || 22/01/2025,SHARE,"$4,722","190,326",2025-02-18,2025-03-27,37
7,CB_2023_Jul_FB_2217_IB_V04_9x16_VID_EN_Opti_C-Pointing_CTA-SMR_Pain-W-B_M-TRC_VL-30s_TR-None_G-F_P-None_S-FRIGGA,üå∂Ô∏è || US || ASC+ || ->CC141 || VIDEO Only || US+CA || 0% EXISTING CAP || 7C || 07/08.24  Ad set,VIDEO,"$4,151","129,366",2024-08-07,2025-03-27,232
8,CB_2023_Jul_FB_2284_DA_V05_9x16_VID_EN_Opti_C-Sale_CTA-SMR_Pain-W_M-JANW_VL-30s_TR-None_G-M_P-None_S-WHAT_FB2103V02,üå∂Ô∏è || US || ASC+ || ->CC141 || VIDEO Only || US+CA || 0% EXISTING CAP || 7C || 07/08.24  Ad set,VIDEO,"$3,594","119,164",2024-08-07,2025-03-27,232
9,CB_2024_Aug_FB_3097_VK-DP_V03_9x16_VID_EN_Opti_C-Benefits_CTA-SMR_Pain-W-B_M-MIX_VL-45s_TR-None_G-MF_P-OG_S-WHAT_FB2516V13,üå∂Ô∏è || US || ASC+ || ->CC141 || VIDEO Only || US+CA || 0% EXISTING CAP || 7C || 07/08.24  Ad set,VIDEO,"$3,298","138,640",2024-09-04,2025-03-27,204
10,CB_2025_Mar_FB_3891_VK_V05_1x1_IMG_EN_New_C-BulletPoints_Evergreen_CTA-65_Angle-W-B-C_M-NONE_VL-None_G-M_P-OG_S-NONE,CA || ASC+ || 0% EXISTING || 7DC || 18.03.2025,SHARE,"$3,175","376,821",2025-03-18,2025-03-27,9
11,CB_2025_Feb_FB_3863_DT-DP_V03_9x16_VID_EN_New_C-Trend_Sale_CTA-70_Angle-W_M-POW_VL-30s_G-M_P-OG_S-NEW,üå∂Ô∏è || US || ASC+ || ->CC141 || VIDEO Only || US+CA || 0% EXISTING CAP || 7C || 07/08.24  Ad set,,"$3,166","149,368",2025-03-10,2025-03-27,17
12,CB_2025_Mar_FB_3891_VK_V05_1x1_IMG_EN_New_C-BulletPoints_Evergreen_CTA-65_Angle-W-B-C_M-NONE_VL-None_G-M_P-OG_S-NONE-1,üå∂Ô∏è || US || ASC+ || ->CC141 || VIDEO Only || US+CA || 0% EXISTING CAP || 7C || 07/08.24  Ad set,,"$3,076","189,122",2025-03-15,2025-03-19,4
13,CB_2023_May_FB_2263_MB_V04_9x16_VID_EN_New_C-Sale_CTA-SMR_Pain-W_M-JOG_VL-45s_TR-None_G-M-F_P-None_S-Moon,üå∂Ô∏è || US || ASC+ || ->CC141 || VIDEO Only || US+CA || 0% EXISTING CAP || 7C || 07/08.24  Ad set,VIDEO,"$3,040","88,299",2024-08-07,2025-03-27,232
14,CB_2025_Mar_FB_3896_LZ_V02_1x1_IMG_EN_New_C-Headline_Evergreen_CTA-NONE_Angle-W_M-NONE_VL-None_G-M_P-OG_S-NONE - Copy,üå∂Ô∏è || US || ASC+ || ->CC141 || VIDEO Only || US+CA || 0% EXISTING CAP || 7C || 07/08.24  Ad set,,"$2,979","154,242",2025-03-15,2025-03-21,6
15,CB_2025_Feb_FB_3860_LZ-DP_V03_9x16_VID_EN_Opti_C-Testimonial_Evergreen_CTA-SALE_Angle-W_M-MOOD_VL-20s_G-M_P-OG_S-WOOD_FB21176V11_1,3860 - man boobs video 2176 opti || Enhancements: OFF || CBV1 || Batch 1 || 7C || 03/03/25w10 || Valentinas,VIDEO,"$2,947","167,118",2025-03-03,2025-03-27,24
16,CB_2023_Jul_FB_2217_IB_V04_9x16_VID_EN_Opti_C-Pointing_CTA-SMR_Pain-W-B_M-TRC_VL-30s_TR-None_G-F_P-None_S-FRIGGA,US || Kilo Product's leads LAL || 7C || 04/03/25,VIDEO,"$2,904","92,293",2025-03-04,2025-03-27,23
17,CB_2025_Mar_FB_3890_DT_V04_1x1_IMG_EN_New_C-NONE_Evergreen_CTA-None_Angle-W_M-NONE_VL-None_G-NONE_P-OG_S-NONE,3890 - Your Peak Performance in 6 weeks || Enhancements: OFF || CBV1 || Batch 1 || 7C || 10/03/25w11,,"$2,772","177,465",2025-03-12,2025-03-27,15
18,CB_2025_Feb_FB_3818_LZ-VU_V05_1x1_IMG_EN_Opti_C-Headline_Evergreen_CTA-NONE_Angle-Cort_M-NONE_VL-None_G-NONE_P-NONE_S-NONE_FB3251V01,üå∂Ô∏è || US || ASC+ || ->CC141 || VIDEO Only || US+CA || 0% EXISTING CAP || 7C || 07/08.24  Ad set,,"$2,525","104,854",2025-03-18,2025-03-27,9
19,CB_2025_Jan_FB_3723_SO_V04_4x5_IMG_EN_New_C-NONE_Evergreen_CTA-SALE_Angle-W_M-NONE_VL-None_G-NONE_P-NONE_S-NONE,üå∂Ô∏è || US || ASC+ || ->CC141 || VIDEO Only || US+CA || 0% EXISTING CAP || 7C || 07/08.24  Ad set,SHARE,"$2,449","152,693",2025-02-12,2025-03-27,43
20,CB_2025_Jan_FB_3723_SO_V04_4x5_IMG_EN_New_C-NONE_Evergreen_CTA-SALE_Angle-W_M-NONE_VL-None_G-NONE_P-NONE_S-NONE,US || V1 vs V2 || V1 - ORIGINAL || 2ND TRY || 7C || 17/03/25,,"$2,424","119,624",2025-03-17,2025-03-24,7
21,CB_2025_Jan_FB_3747_CHUB-AA_V03_9x16_IMG_EN_Opti_C-NONE_CTA-NONE_Angle-Sale_M-NONE_VL-None_TR-None_G-NONE_P-OG_S-NONE,3747 Clean Sale [HB winner ITR] CHUB || Enhancements: OFF || CBV1 || Batch ƒÖ || 1C || 02/02/25w06 || Kostas,SHARE,"$2,351","111,563",2025-02-02,2025-03-27,53
22,CB_2025_Jan_FB_3723_SO_V04_4x5_IMG_EN_New_C-NONE_Evergreen_CTA-SALE_Angle-W_M-NONE_VL-None_G-NONE_P-NONE_S-NONE,US || CBV2 || V1 vs V2 || V1 - ORIGINAL || 2ND TRY || 7C || 17/03/25,,"$2,345","121,719",2025-03-17,2025-03-24,7
23,CB_2024_Jan_FB_2764_RS_V04_9x16_VID_EN_Opti_C-SingleTesti_CTA-SALE_Pain-W_M-TRC_VL-45s_TR-None_G-F_P-OG_S-MOON_FB2263V04_Page_Personal_Coach,AU || Page: Branded & 3rd Party || 2764 || Trinity Results Too Fast || 1C || 10/01/2025w02,VIDEO,"$2,097","50,003",2025-01-10,2025-03-27,76
24,CB_2024_Sep_FB_3175_DA-KB_V04_1x1_IMG_EN_New_C-ADVRT_Evergreen_CTA-NONE_Angle-W_M-NONE_VL-None_G-NONE_P-CBV2_S-NONE_blog_colonbroomvsmammoth_cv_en,CBV2 || UK || Advantage+ || Advertorial |  || 0% EXISTING CAP || BROAD || 7C || ad set 18/03/25,SHARE,"$2,091","89,309",2025-03-18,2025-03-27,9
25,CB_2024_Jan_FB_2764_RS_V04_9x16_VID_EN_Opti_C-SingleTesti_CTA-SALE_Pain-W_M-TRC_VL-45s_TR-None_G-F_P-OG_S-MOON_FB2263V04_Page_Personal_Coach,CBV2 || AU || üí∞ Advantage+ || US || BROAD || 7C || Existing_customer_5% || 19/12/24 Ad set,VIDEO,"$2,036","40,216",2025-01-16,2025-03-27,70
26,CB_2025_Jan_FB_3742_SO-DP-KB_V06_4x5_IMG_EN_Opti_C-NONE_Evergreen_CTA-SALE_Angle-W_M-NONE_VL-None_G-NONE_P-CBV2_S-NONE3665V01,CBV2 || US || Manual Bid: ROAS GOAL: 1.00 -> 1.1 || 7DC || 22/01/2025,SHARE,"$2,013","74,878",2025-02-11,2025-03-27,44
27,CB_2025_Jan_FB_3779_VK-DP_V02_1x1_VID_EN_Opti_C-BulletPoints_Evergreen_CTA-70_Angle-W-B-C_M-NONE_VL-None_G-F_P-OG_S-NEW_FB3705V02,üå∂Ô∏è || US || ASC+ || ->CC141 || VIDEO Only || US+CA || 0% EXISTING CAP || 7C || 07/08.24  Ad set,SHARE,"$1,998","96,859",2025-02-12,2025-03-19,35
28,CB_2024_Jan_FB_2764_RS_V04_9x16_VID_EN_Opti_C-SingleTesti_CTA-SALE_Pain-W_M-TRC_VL-45s_TR-None_G-F_P-OG_S-MOON_FB2263V04,EU (UK) || 2764 || Trinity Results Too Fast || 1C || 08/01/2025w02,VIDEO,"$1,993","54,755",2025-01-08,2025-03-27,78
29,CB_2024_Nov_FB_3264_LZ_V29_4x5_VID_EN_Opti_C-NegativeMark_Sale_CTA-BF_Angle-W-B_M-LRNS_VL-30s_G-M_P-OG_S-NONE,üå∂Ô∏è || US || ASC+ || ->CC141 || VIDEO Only || US+CA || 0% EXISTING CAP || 7C || 07/08.24  Ad set,VIDEO,"$1,973","73,046",2024-12-04,2025-03-27,113
30,CB_2025_Mar_FB_3890_DT_V02_1x1_IMG_EN_New_C-NONE_Evergreen_CTA-None_Angle-W_M-NONE_VL-None_G-NONE_P-OG_S-NONE,üå∂Ô∏è || US || ASC+ || ->CC141 || VIDEO Only || US+CA || 0% EXISTING CAP || 7C || 07/08.24  Ad set,,"$1,870","98,493",2025-03-15,2025-03-27,12
31,CB_2023_Jul_FB_2226_MB_V04_9x16_VID_EN_Opti_C-Testim_CTA-SMR_Pain-W_M-MIX_VL-30s_TR-None_G-F_P-None_S-Starry,üå∂Ô∏è || US || ASC+ || ->CC141 || VIDEO Only || US+CA || 0% EXISTING CAP || 7C || 07/08.24  Ad set,VIDEO,"$1,553","38,876",2024-10-28,2025-03-27,150
32,CB_2025_Feb_FB_3883_LZ-RP_V05_9x16_VID_EN_Opti_C-BulletPoints_Evergreen_CTA-SALE_Angle-W_M-JANW_VL-30s_G-M_P-OG_S-WHAT_FB2284V05,3883 - Wiiner opti man boobs t levels || Enhancements: OFF || CBV1 || Batch 1 || 7C || 10/03/25w11,,"$1,537","101,217",2025-03-10,2025-03-27,17
33,CB_2023_Jul_FB_2217_IB_V04_9x16_VID_EN_Opti_C-Pointing_CTA-SMR_Pain-W-B_M-TRC_VL-30s_TR-None_G-F_P-None_S-FRIGGA,CBV2 || AU || üí∞ Advantage+ || US || BROAD || 7C || Existing_customer_5% || 19/12/24 Ad set,VIDEO,"$1,484","51,831",2024-12-19,2025-03-24,95
34,CB_2025_Mar_FB_3896_LZ_V02_1x1_IMG_EN_New_C-Headline_Evergreen_CTA-NONE_Angle-W_M-NONE_VL-None_G-M_P-OG_S-NONE,3896 - grill party img|| Enhancements: OFF || CBV1 || Batch 1 || 7C || 10/03/25w11,,"$1,446","81,719",2025-03-10,2025-03-23,13
35,CB_2023_Jul_FB_2227_RS_V08_1x1_IMG_EN_New_C-Sale_CTA-CTA_None_M-NONE_VL-None_TR-None_G-NONE_P-None_S-NONE,üå∂Ô∏è || US || ASC+ || ->CC141 || VIDEO Only || US+CA || 0% EXISTING CAP || 7C || 07/08.24  Ad set,SHARE,"$1,297","52,841",2024-09-30,2025-03-27,178
36,CB_2023_Apr_FB_1989_RS_V08_9x16_VID_EN_Opti_C-Trend_CTA-SMR_Pain-W_M-MIX_VL-30s_TR-None_G-MF_P-None - Copy,CA || ASC+ || 0% EXISTING || 7DC || 18.03.2025,VIDEO,"$1,290","97,728",2025-03-18,2025-03-27,9
37,CB_2025_Feb_FB_3860_LZ-DP_V03_9x16_VID_EN_Opti_C-Testimonial_Evergreen_CTA-SALE_Angle-W_M-MOOD_VL-20s_G-M_P-OG_S-WOOD_FB21176V11_1,üå∂Ô∏è || US || ASC+ || ->CC141 || VIDEO Only || US+CA || 0% EXISTING CAP || 7C || 07/08.24  Ad set,,"$1,251","80,714",2025-03-13,2025-03-19,6
38,CB_2024_Jan_FB_2797_VK-RP-RS_V02_1x1_IMG_EN_Opti_C-ADVRT_CTA-NONE_Pain-W_M-NONE_VL-None_TR-None_G-NONE_P-V2_S-NONE,CBV2 || UK || Advantage+ || Advertorial |  || 0% EXISTING CAP || BROAD || 7C || ad set 18/03/25,SHARE,"$1,092","30,361",2025-03-18,2025-03-27,9
39,CB_2025_Jan_FB_3757_LZ-DP_V16_9x16_VID_EN_Opti_C-BulletPoints_Evergreen_CTA-NONE_Angle-W-B-C_M-KAIT_VL-30s_G-F_P-GLP1_S-WHAT_FB3592V09,GLP-1 üíú || ASC+ || US || 5% EXISTING CAP || 7C || 20/02/25 . Ad set,,"$1,075","45,544",2025-03-13,2025-03-18,5
40,CB_2023_Dec_FB_2712_RS-DP_V02_1x1_VID_EN_Opti_C-WrittenTesti_CTA-SALE_Pain-W-B-C_M-NONE_VL-None_TR-None_G-NONE_P-V2_S-NONE_FB2227V08,CBV2 || AU || üí∞ Advantage+ || US || BROAD || 7C || Existing_customer_5% || 19/12/24 Ad set,SHARE,"$1,070","33,845",2024-12-19,2025-03-27,98
41,CB_2024_Sep_FB_3175_DA-KB_V04_1x1_IMG_EN_New_C-ADVRT_Evergreen_CTA-NONE_Angle-W_M-NONE_VL-None_G-NONE_P-CBV2_S-NONE_blog_colonbroomvsmammoth_cv_en,CBV2 || TOP EU || Advantage+ || Advertorial |  || 0% EXISTING CAP || BROAD || 7C || 21/03/25 Ad set,SHARE,"$1,064","47,990",2025-03-21,2025-03-27,6
42,CB_2024_Dec_FB_3601_VK-DP_V09_4x5_VID_EN_Opti_C-Dance_CTA-NY_Pain-W-B_M-JOG_VL-30s_TR-None_G-F_P-OG_S-WHAT_FB3045V01,CBV2 || AU || üí∞ Advantage+ || US || BROAD || 7C || Existing_customer_5% || 19/12/24 Ad set,SHARE,"$1,046","35,741",2025-01-03,2025-03-27,83
43,CB_2024_Aug_FB_3090_DT-DP_V02_9x16_VID_EN_Opti_C-MakingOf_CTA-CTA_Pain-W-B-C_M-POW_VL-45s_TR-None_G-M_P-OG_S-Moon_FB3029V04,CBV2 || EU (UK) || üí∞ Advantage+ || US || BROAD || 7C || Existing_customer_5% || 15/12/24 Ad set,SHARE,$989,"44,972",2024-12-19,2025-03-27,98
44,CB_2024_Oct_FB_3214_DT-KB_V04_1x1_IMG_EN_New_C-ADVRT_Evergreen_CTA-NONE_Angle-W_M-NONE_VL-None_G-NONE_P-OG_S-NONE,CA || Advantage+ || Advertorial || 7C ||  BROAD || Existing_customer_0% || 20/03/25 Ad set,SHARE,$972,"78,089",2025-03-20,2025-03-27,7
45,CB_2025_Feb_FB_3827_LZ_V03_1x1_IMG_EN_Opti_C-Headline_Evergreen_CTA-SALE_Angle-W_M-NONE_VL-None_G-M_P-CBV2_S-NONE_FB3705V02,3827 - V2 img winner opti || Batch 2 || 7C || 18/02/2025w08,SHARE,$966,"41,669",2025-02-18,2025-03-27,37
46,CB_2023_Jul_FB_2217_IB_V04_9x16_VID_EN_Opti_C-Pointing_CTA-SMR_Pain-W-B_M-TRC_VL-30s_TR-None_G-F_P-None_S-FRIGGA,CBV2 || EU (UK) || üí∞ Advantage+ || US || BROAD || 7C || Existing_customer_5% || 15/12/24 Ad set,VIDEO,$943,"41,164",2024-12-18,2025-03-27,99
47,CB_2023_May_FB_2263_MB_V04_9x16_VID_EN_New_C-Sale_CTA-SMR_Pain-W_M-JOG_VL-45s_TR-None_G-M-F_P-None_S-Moon,CBV2 || AU || üí∞ Advantage+ || US || BROAD || 7C || Existing_customer_5% || 19/12/24 Ad set,VIDEO,$937,"24,491",2024-12-19,2025-03-27,98
48,CB_2025_Jan_FB_3718_CHUB_V05_4x5_IMG_EN_Opti_C-NONE_CTA-NONE_Angle-C_M-NONE_VL-None_TR-None_G-M_P-OG_S-NONE - Copy,CB || ASC+ || SCALE || US || 0% EXISTING CAP || BROAD || 7C1EV || 20/03/25 Ad set,,$933,"50,814",2025-03-20,2025-03-22,2
49,CB_2025_Mar_FB_3891_VK_V05_1x1_IMG_EN_New_C-BulletPoints_Evergreen_CTA-65_Angle-W-B-C_M-NONE_VL-None_G-M_P-OG_S-NONE-1,3891 - LOW T LEVELS - VK || Enhancements: OFF || CBV1 || Batch 2 || 7C || 10/03/25w11,,$908,"51,533",2025-03-11,2025-03-27,16
50,CB_2023_Dec_FB_2712_RS-DP_V02_1x1_VID_EN_Opti_C-WrittenTesti_CTA-SALE_Pain-W-B-C_M-NONE_VL-None_TR-None_G-NONE_P-V2_S-NONE_FB2227V08,CBV2 || EU (UK) || üí∞ Advantage+ || US || BROAD || 7C || Existing_customer_5% || 15/12/24 Ad set,SHARE,$893,"28,451",2024-12-15,2025-03-27,102
51,CB_2025_Feb_FB_3812_SO_V03_4x5_IMG_EN_Opti_C-NONE_Evergreen_CTA-SALE_Angle-W_M-NONE_VL-None_G-NONE_P-NONE_S-NONE_FB3723V07,US || V1 vs V2 || V1 - ORIGINAL || 2ND TRY || 7C || 17/03/25,,$892,"39,764",2025-03-17,2025-03-24,7
52,CB_2023_Dec_FB_2696_RS_V03_9x16_VID_EN_Opti_C-Sale_CTA-NY65_Pain-W-B_M-JANW_VL-30s_TR-None_G-M_P-OG_S-WHAT_FB2284V05,CBV2 || AU || üí∞ Advantage+ || US || BROAD || 7C || Existing_customer_5% || 19/12/24 Ad set,VIDEO,$890,"26,992",2025-01-13,2025-03-27,73
53,CB_2024_Sep_FB_3175_DA-KB_V04_1x1_IMG_EN_New_C-ADVRT_Evergreen_CTA-NONE_Angle-W_M-NONE_VL-None_G-NONE_P-CBV2_S-NONE_blog_colonbroomvsmammoth_cv_en,CBV2 || A/B test CTA button: Control || CBV2 vs Happy Mammoth || 7C || 13/03/25,,$888,"24,208",2025-03-13,2025-03-26,13
54,CB_2024_Sep_FB_3175_DA-KB_V04_1x1_IMG_EN_New_C-ADVRT_Evergreen_CTA-NONE_Angle-W_M-NONE_VL-None_G-NONE_P-CBV2_S-NONE_blog_colonbroomvsmammothhighprice3_cv_en,CBV2 || A/B test CTA button: Variaton || CBV2 vs Happy Mammoth || 7C || 13/03/25,,$872,"23,114",2025-03-13,2025-03-26,13
55,CB_2025_Feb_FB_3865_SO-JG_V17_9x16_VID_EN_Opti_C-NONE_Evergreen_CTA-NONE_Angle-W_M-NONE_VL-30_G-NONE_P-OG_S-Moon_FB3029V04,3867 - Fat Costume Suit || Enhancements: OFF || CBV1 || Batch 5 || 7C || 03/03/25w10 || Valentinas,VIDEO,$829,"41,429",2025-03-03,2025-03-20,17
56,CB_2025_Feb_FB_3860_LZ-DP_V03_9x16_VID_EN_Opti_C-Testimonial_Evergreen_CTA-SALE_Angle-W_M-MOOD_VL-20s_G-M_P-OG_S-WOOD_FB21176V11_1,AU || 3860_LZ-DP || 7C || 18/03/2025w12,VIDEO,$813,"41,091",2025-03-18,2025-03-27,9
57,CB_2025_Mar_FB_3907_CHUB-AA_V03__IMG_EN_Opti_C-Price_CTA-NONE_Angle-None_M-NONE_VL-None_TR-None_G-NONE_P-OG_S-NONE,3907 ‚Äì CHUB Clean Sale OPTI v2 || Enhancements: OFF || CBV1 || Batch 1 || 7C || 16/03/25w12,,$806,"33,119",2025-03-16,2025-03-27,11
58,CB_2025_Feb_FB_3818_LZ-VU_V18_1x1_IMG_EN_Opti_C-Headline_Evergreen_CTA-NONE_Angle-Cort_M-NONE_VL-None_G-NONE_P-NONE_S-NONE_FB3251V01,3818 - It's not cheap Months+holidays || May || Enhancements: OFF || CBV1 || 7C || 17/03/25w12,,$804,"28,073",2025-03-17,2025-03-27,10
59,CB_2024_Jan_FB_2784_RS_V02_9x16_VID_EN_Opti_C-Pointing_CTA-SALE_Pain-W_M-JOG_VL-30s_TR-None_G-F_P-OG_S-OLLIE_FB2181V01,CBV2 || EU (UK) || üí∞ Advantage+ || US || BROAD || 7C || Existing_customer_5% || 15/12/24 Ad set,VIDEO,$802,"23,816",2025-01-09,2025-03-27,77
60,CB_2025_Feb_FB_3812_SO_V03_4x5_IMG_EN_Opti_C-NONE_Evergreen_CTA-SALE_Angle-W_M-NONE_VL-None_G-NONE_P-NONE_S-NONE_FB3723V07,US || CBV2 || V1 vs V2 || V1 - ORIGINAL || 2ND TRY || 7C || 17/03/25,,$795,"37,038",2025-03-17,2025-03-24,7
61,CB_2023_Oct_FB_2516_VK_V13_9x16_VID_EN_Opti_C-Benefits_CTA-AUTUM_Pain-W-B_M-PASQ_VL-30s_TR-None_G-M_P-Plan_S-WHAT,üå∂Ô∏è || US || ASC+ || ->CC141 || VIDEO Only || US+CA || 0% EXISTING CAP || 7C || 07/08.24  Ad set,VIDEO,$784,"21,687",2024-12-19,2025-03-27,98
62,CB_2025_Mar_FB_3904_DT_V01_9x16_VID_EN_New_C-Trend_Evergreen_CTA-NONE_Angle-W_M-MIX_VL-30s_G-MF_P-OG_S-New,3904 - Notion / I thought my man was cheating on me || Enhancements: OFF || CBV1 || Batch 1 || 7C || 16/03/25w12,,$784,"33,668",2025-03-14,2025-03-27,13
63,CB_2025_Feb_FB_3868_VK-DP_V02_9x16_VID_EN_New_C-BulletPoints_Evergreen_CTA-NONE_Angle-W-B-C_M-NONE_VL-15s_G-M_P-OG_S-NEW.mp4,üå∂Ô∏è || US || ASC+ || ->CC141 || VIDEO Only || US+CA || 0% EXISTING CAP || 7C || 07/08.24  Ad set,,$780,"28,391",2025-03-12,2025-03-21,9
64,CB_2024_Jan_FB_2797_VK-RP-RS_V02_1x1_IMG_EN_Opti_C-ADVRT_CTA-NONE_Pain-W_M-NONE_VL-None_TR-None_G-NONE_P-V2_S-NONE,CBV2 || TOP EU || Advantage+ || Advertorial |  || 0% EXISTING CAP || BROAD || 7C || 21/03/25 Ad set,SHARE,$779,"26,767",2025-03-21,2025-03-27,6
65,CB_2024_Feb_FB_2812_MB-RP_V07_9x16_VID_EN_Opti_C-Sale_CTA-C65_Pain-W_M-NONE_VL-30s_TR-None_G-MF_P-Plan_S-NEW_FB2601V04_1,US || Kilo Product's leads LAL || 7C || 04/03/25,VIDEO,$760,"23,179",2025-03-04,2025-03-27,23
66,CB_2025_Mar_FB_3884_SO_V12_9x16_IMG_EN_New_C-NONE_Evergreen_CTA-NONE_Angle-W-B-C_M-Nate_VL-15s_G-MF_P-OG_S-NEW,3884_SO || Batch 1 || 7C || 18/03/2025w12,VIDEO,$758,"41,187",2025-03-20,2025-03-27,7
67,CB_2025_Jan_FB_3779_VK-DP_V04_1x1_VID_EN_Opti_C-BulletPoints_Evergreen_CTA-70_Angle-W-B-C_M-NONE_VL-None_G-F_P-OG_S-NEW_FB3705V02,3779 - opti 3705 || Enhancements: OFF || CBV1 || Batch 1 || 1C || 04/02/25w06 || Kostas,SHARE,$744,"40,823",2025-02-04,2025-03-20,44
68,CB_2025_Mar_FB_3910_LZ-DP_V04_9x16_VID_EN_Opti_C-Testimonial_Evergreen_CTA-NONE_Angle-W_M-TRC_VL-15s_G-F_P-TRIAL_S-FRIGGA_FB2217V04.mp4,US || Free trial offer || Trial ads || ATC || 7C || 16/03/25,,$732,"34,620",2025-03-16,2025-03-27,11
69,CB_2025_Jan_FB_3723_SO_V04_4x5_IMG_EN_New_C-NONE_Evergreen_CTA-SALE_Angle-W_M-NONE_VL-None_G-NONE_P-NONE_S-NONE.png,CBV2 || AU || üí∞ Advantage+ || US || BROAD || 7C || Existing_customer_5% || 19/12/24 Ad set,SHARE,$714,"53,892",2025-02-25,2025-03-27,30
70,CB_2023_Jul_FB_2217_IB_V04_9x16_VID_EN_Opti_C-Pointing_CTA-SMR_Pain-W-B_M-TRC_VL-30s_TR-None_G-F_P-None_S-FRIGGA,CA || ASC+ || 0% EXISTING || 7DC || 18.03.2025,VIDEO,$714,"41,511",2025-03-18,2025-03-27,9
71,CB_2024_Jan_FB_2797_VK-RP-RS_V02_1x1_IMG_EN_Opti_C-ADVRT_CTA-NONE_Pain-W_M-NONE_VL-None_TR-None_G-NONE_P-V2_S-NONE,CBV2 || AU || Advantage+ || Advertorial |  || 0% EXISTING CAP || BROAD || 7C || ad set 18/03/25,SHARE,$659,"23,193",2025-03-20,2025-03-27,7
72,CB_2025_Feb_FB_3874_CHUB-KZ_V04_1x1_IMG_EN_New_C-NONE_CTA-NONE_Angle-W_M-NONE_VL-None_TR-None_G-NONE_P-NONE_S-NONE_blog_biohacking_cv_en,CBV1 || LP:HI | 3874 Advertorial Biohacking || Biohack for 40+ Women || Batch 1 || 17/07/25,,$633,"9,970",2025-03-17,2025-03-25,8
73,CB_2025_Feb_FB_3868_VK-DP_V02_9x16_VID_EN_New_C-BulletPoints_Evergreen_CTA-NONE_Angle-W-B-C_M-NONE_VL-15s_G-M_P-OG_S-NEW.mp4,3868 - What i ordered for dad bod || Enhancements: OFF || CBV1 || Batch 1 || 7C || 03/03/25w10 || Valentinas,VIDEO,$627,"23,052",2025-03-03,2025-03-20,17
74,CB_2023_Jul_FB_2217_IB_V04_9x16_VID_EN_Opti_C-Pointing_CTA-SMR_Pain-W-B_M-TRC_VL-30s_TR-None_G-F_P-None_S-FRIGGA - Copy,CB || ASC+ || SCALE || US || 0% EXISTING CAP || BROAD || 7C1EV || 20/03/25 Ad set,,$615,"41,530",2025-03-20,2025-03-22,2
75,CB_2025_Feb_FB_3874_CHUB-AA_V09_1x1_IMG_EN_New_C-NONE_CTA-NONE_Angle-W_M-NONE_VL-None_TR-None_G-NONE_P-NONE_S-NONE_blog_biohacking_cv_en,CBV1 || LP:HI | 3874 Advertorial Biohacking || Biohack for 40+ Women || Batch 3 || 17/07/25,,$603,"9,833",2025-03-17,2025-03-25,8
76,CB_2025_Feb_FB_3817_SO_V01_4x5_IMG_EN_Opti_C-NONE_Evergreen_CTA-SALE_Angle-W_M-NONE_VL-None_G-NONE_P-NONE_S-NONE_FB3723V07,CBV2 || AU || üí∞ Advantage+ || US || BROAD || 7C || Existing_customer_5% || 19/12/24 Ad set,SHARE,$562,"33,757",2025-02-14,2025-03-27,41
77,CB_2024_Sep_FB_3175_DA-KB_V03_1x1_IMG_EN_New_C-ADVRT_Evergreen_CTA-NONE_Angle-W_M-NONE_VL-None_G-NONE_P-CBV2_S-NONE_blog_colonbroomvsmammoth_cv_en,CBV2 || Advantage+ || Advertorial || Higher pricing || US || 0% EXISTING CAP || BROAD || 7C || 20/01/25  Campaign Ad set,SHARE,$555,"20,343",2025-01-20,2025-03-27,66
78,CB_2024_Sep_FB_3175_DA-KB_V04_1x1_IMG_EN_New_C-ADVRT_Evergreen_CTA-NONE_Angle-W_M-NONE_VL-None_G-NONE_P-CBV2_S-NONE_blog_colonbroomvsmammoth_cv_en,CBV2 || AU || Advantage+ || Advertorial |  || 0% EXISTING CAP || BROAD || 7C || ad set 18/03/25,SHARE,$544,"27,284",2025-03-20,2025-03-27,7
79,CB_2025_Mar_FB_3891_VK_V05_1x1_IMG_EN_New_C-BulletPoints_Evergreen_CTA-65_Angle-W-B-C_M-NONE_VL-None_G-M_P-OG_S-NONE,3891 - LOW T LEVELS - VK || Enhancements: OFF || CBV1 || Batch 2 || 7C || 10/03/25w11,,$536,"29,863",2025-03-11,2025-03-27,16
80,CB_2025_Feb_FB_3863_DT-DP_V02_9x16_VID_EN_New_C-Trend_Sale_CTA-70_Angle-W_M-POW_VL-30s_G-M_P-OG_S-NEW.mp4,3863 - Aaron man boobs vid || Enhancements: OFF || CBV1 || Batch 1 || 7C || 26/02/25w09 || Valentinas,VIDEO,$526,"25,832",2025-02-26,2025-03-27,29
81,CB_2025_Mar_FB_3910_LZ-DP_V04_9x16_VID_EN_Opti_C-Testimonial_Evergreen_CTA-NONE_Angle-W_M-TRC_VL-15s_G-F_P-TRIAL_S-FRIGGA_FB2217V04.mp4,US || Free trial offer || Trial ads || Trial purchase || 7C || 19/03/25,,$520,"16,428",2025-03-19,2025-03-27,8
82,CB_2023_Jul_FB_2284_DA_V05_9x16_VID_EN_Opti_C-Sale_CTA-SMR_Pain-W_M-JANW_VL-30s_TR-None_G-M_P-None_S-WHAT_FB2103V02,CA || ASC+ || 0% EXISTING || 7DC || 18.03.2025,VIDEO,$516,"34,147",2025-03-18,2025-03-27,9
83,CB_2025_Mar_FB_3911_DT_V03_9x16_VID_EN_Opti_C-SingleTesti_Sale_CTA-Patrick_Angle-W_M-TRC_VL-45s_G-F_P-OG_S-MOON_FB2764V04,CBV2 || EU (UK) || üí∞ Advantage+ || US || BROAD || 7C || Existing_customer_5% || 15/12/24 Ad set,VIDEO,$513,"23,407",2025-03-17,2025-03-27,10
84,CB_2023_May_FB_2103_MB_V02_9x16_VID_EN_Opti_C-Sale_CTA-SMR_Pain-W_M-JOG_VL-30s_TR-None_G-M-F_P-None_S-What,US || Manual Bid || BFCM || COST CAP 71 || 1C || 15/11/24,VIDEO,$496,"17,502",2024-11-15,2025-03-27,132
85,CB_2023_Jul_FB_2226_MB_V04_9x16_VID_EN_Opti_C-Testim_CTA-SMR_Pain-W_M-MIX_VL-30s_TR-None_G-F_P-None_S-Starry,CA || ASC+ || 0% EXISTING || 7DC || 18.03.2025,VIDEO,$467,"27,162",2025-03-18,2025-03-27,9
86,CB_2025_Feb_FB_3817_SO_V01_4x5_IMG_EN_Opti_C-NONE_Evergreen_CTA-SALE_Angle-W_M-NONE_VL-None_G-NONE_P-NONE_S-NONE_FB3723V07,CBV2 || EU (UK) || üí∞ Advantage+ || US || BROAD || 7C || Existing_customer_5% || 15/12/24 Ad set,SHARE,$433,"24,825",2025-02-14,2025-03-27,41
87,CB_2025_Mar_FB_3879_VK-DP_V01_9x16_VID_EN_New_C-BulletPoints_Evergreen_CTA-65_Angle-W-B-C_M-NONE_VL-30s_G-M_P-OG_S-NEW,3879 - Gut health for muscles || Enhancements: OFF || CBV1 || Batch 1 || 7C || 10/03/25w11,,$413,"16,793",2025-03-10,2025-03-20,10
88,CB_2023_Jul_FB_2217_IB_V04_9x16_VID_EN_Opti_C-Pointing_CTA-SMR_Pain-W-B_M-TRC_VL-30s_TR-None_G-F_P-None_S-FRIGGA,CBV2 || UK || Manual Bid: ROAS GOAL: 1.60 || 7DC || 21/03/2025,VIDEO,$413,"20,295",2025-03-21,2025-03-26,5
89,CB_2025_Mar_FB_3884_SO_V12_9x16_IMG_EN_New_C-NONE_Evergreen_CTA-NONE_Angle-W-B-C_M-Nate_VL-15s_G-MF_P-OG_S-NEW,3884 - Body Shaming Angle || Enhancements: OFF || CBV1 || Batch 3 || 7C || 10/03/25w11,,$403,"16,925",2025-03-10,2025-03-20,10
90,CB_2025_Feb_FB_3589_CHUB-KZ_V04_1x1_IMG_EN_New_C-NONE_CTA-NONE_Angle-None_M-NONE_VL-None_TR-None_G-NONE_P-NONE_S-NONE_blog_menopausesolutionnew_cv_en,CBV1 || LP:HI | 3859 - Blog_HormonalReset CHUB || The Little Known ‚ÄúHormonal Reset‚Äù || Batch 1 || 17/03/25,,$400,"4,750",2025-03-17,2025-03-21,4
91,CB_2025_Feb_FB_3860_LZ-DP_V03_9x16_VID_EN_Opti_C-Testimonial_Evergreen_CTA-SALE_Angle-W_M-MOOD_VL-20s_G-M_P-OG_S-WOOD_FB21176V11_1,CBV2 || AU || üí∞ Advantage+ || US || BROAD || 7C || Existing_customer_5% || 19/12/24 Ad set,VIDEO,$384,"14,753",2025-03-21,2025-03-27,6
92,CB_2025_Mar_FB_3906_SO-JT_V01_1x1_IMG_EN_New_C-NONE_Evergreen_CTA-NONE_Angle-W-B-C_M-NONE_VL-None_G-NONE_P-OG_S-NONE,3906 - CB V1 SUMMER BOD || Enhancements: OFF || CBV1 || Batch 1 || 7C || 16/03/25w12,,$364,"14,685",2025-03-14,2025-03-20,6
93,CB_2025_Feb_FB_3803_CHUB_V12_1x1_IMG_EN_New_C-NONE_CTA-NONE_Angle-None_M-NONE_VL-None_TR-None_G-NONE_P-NONE_S-NONE_blog_cbglp1_cv_en,Attribution Test - NB UTM - URL || GLP-1 || LP:HI | 3803 Advertorials CHUB || Natural GLP-1 Enhancer Takes Its Place || Batch 3 || 12/07/25,,$358,"6,690",2025-03-13,2025-03-18,5
94,CB_2025_Mar_FB_3895_VK_V03_9x16_VID_EN_New_C-BulletPoints_Evergreen_CTA-65_Angle-W-B-C_M-NONE_VL-15s_G-M_P-OG_S-MOON,3895 - #15 Me vs Them - VK || Enhancements: OFF || CBV1 || Batch 1 || 7C || 16/03/25w12,,$356,"18,082",2025-03-14,2025-03-20,6
95,CB_2025_Mar_FB_3902_SO-JT_V03_1x1_IMG_EN_New_C-NONE_Evergreen_CTA-NONE_Angle-W-B-C_M-NONE_VL-None_G-NONE_P-OG_S-NONE copy,3902 - OZEMPIC MEET YOUR MATCH / V1 || Enhancements: OFF || CBV1 || Batch 1 || 7C || 16/03/25w12,,$349,"14,673",2025-03-14,2025-03-27,13
96,CB_2025_Jan_FB_3757_LZ-DP_V16_9x16_VID_EN_Opti_C-BulletPoints_Evergreen_CTA-NONE_Angle-W-B-C_M-KAIT_VL-30s_G-F_P-GLP1_S-WHAT_FB3592V09,3757 - GLP1 video winner opti Batch 3+4 || Enhancements: OFF || GLP-1 || Batch 4 || 7C || 24/02/25w09 || Valentinas,VIDEO,$344,"18,126",2025-02-24,2025-03-18,22
97,CB_2025_Feb_FB_3589_CHUB-KZ_V07_9x16_VID_EN_New_C-NONE_CTA-NONE_Angle-None_M-NONE_VL-None_TR-None_G-NONE_P-NONE_S-NONE_blog_menopausesolutionnew_cv_en,CBV1 || LP:HI | 3859 - Blog_HormonalReset CHUB || The Little Known ‚ÄúHormonal Reset‚Äù || Batch 2 || 17/03/25,,$343,"3,042",2025-03-17,2025-03-21,4
98,CB_2024_Sep_FB_3175_DA-KB_V01_1x1_IMG_EN_New_C-ADVRT_Evergreen_CTA-NONE_Angle-W_M-NONE_VL-None_G-NONE_P-CBV2_S-NONE_blog_colonbroomvsmammoth_cv_en,CBV2 || Advantage+ || Advertorial || Higher pricing || US || 0% EXISTING CAP || BROAD || 7C || 20/01/25  Campaign Ad set,SHARE,$343,"12,227",2025-01-20,2025-03-27,66
99,CB_2024_Feb_FB_2834_DA_V02_4x5_IMG_EN_Opti_C-SingleTesti_CTA-NONE_Pain-W_M-NONE_VL-None_TR-None_G-NONE_P-V2_S-NONE_FB2759V04,CBV2 || AU || üí∞ Advantage+ || US || BROAD || 7C || Existing_customer_5% || 19/12/24 Ad set,SHARE,$336,"12,223",2024-12-19,2025-03-27,98
100,CB_2025_Mar_FB_3884_SO_V12_9x16_IMG_EN_New_C-NONE_Evergreen_CTA-NONE_Angle-W-B-C_M-Nate_VL-15s_G-MF_P-OG_S-NEW,AU || 3884_SO || 7C || 18/03/2025w12,VIDEO,$328,"11,809",2025-03-18,2025-03-21,3
101,CB_2025_Feb_FB_3787_CHUB_V01_9x16_VID_EN_New_C-NONE_CTA-NONE_Angle-None_M-NONE_VL-None_TR-None_G-NONE_P-NONE_S-NONE,üå∂Ô∏è || US || ASC+ || ->CC141 || VIDEO Only || US+CA || 0% EXISTING CAP || 7C || 07/08.24  Ad set,VIDEO,$326,"9,373",2025-02-21,2025-03-19,26
102,CB_2023_May_FB_2263_MB_V04_9x16_VID_EN_New_C-Sale_CTA-SMR_Pain-W_M-JOG_VL-45s_TR-None_G-M-F_P-None_S-Moon,CA || ASC+ || 0% EXISTING || 7DC || 18.03.2025,VIDEO,$324,"17,467",2025-03-18,2025-03-27,9
103,CB_2025_Jan_FB_3723_SO_V07_4x5_IMG_EN_New_C-NONE_Evergreen_CTA-SALE_Angle-W_M-NONE_VL-None_G-NONE_P-NONE_S-NONE,CBV2 || US || Manual Bid: ROAS GOAL: 1.00 -> 1.1 || 7DC || 22/01/2025,SHARE,$321,"12,431",2025-02-11,2025-03-27,44
104,CB_2024_Feb_FB_2834_DA_V04_4x5_IMG_EN_Opti_C-SingleTesti_CTA-NONE_Pain-W_M-NONE_VL-None_TR-None_G-NONE_P-V2_S-NONE_FB2759V04,CBV2 || AU || üí∞ Advantage+ || US || BROAD || 7C || Existing_customer_5% || 19/12/24 Ad set,SHARE,$317,"11,055",2024-12-19,2025-03-27,98
105,CB_2025_Jan_FB_3762_LZ_V05_4x5_IMG_EN_Opti_C-NegativeMark_Evergreen_CTA-NONE_Angle-W_M-NONE_VL-None_G-NONE_P-GLP1_S-NONE_FB3251V01.png,3762 - Notion Idea #123 it's not cheap GLP1 || Enhancements: OFF || GLP-1 || Batch 1 || 7C || 20/02/25w09 || Valentinas,SHARE,$314,"14,376",2025-02-24,2025-03-18,22
106,CB_2025_Mar_FB_3902_SO-JT_V01_1x1_IMG_EN_New_C-NONE_Evergreen_CTA-NONE_Angle-W-B-C_M-NONE_VL-None_G-NONE_P-OG_S-NONE,3902 - OZEMPIC MEET YOUR MATCH / V1 || Enhancements: OFF || CBV1 || Batch 1 || 7C || 16/03/25w12,,$311,"10,053",2025-03-14,2025-03-27,13
107,CB_2025_Mar_FB_3905_SO-JT_V02_1x1_IMG_EN_New_C-NONE_Evergreen_CTA-NONE_Angle-W-B-C_M-NONE_VL-None_G-NONE_P-OG_S-NONE,3905 - CB V1 FAUX || Enhancements: OFF || CBV1 || Batch 1 || 7C || 16/03/25w12,,$294,"11,886",2025-03-14,2025-03-20,6
108,CB_2023_Jul_FB_2217_IB_V04_9x16_VID_EN_Opti_C-Pointing_CTA-SMR_Pain-W-B_M-TRC_VL-30s_TR-None_G-F_P-None_S-FRIGGA,US || CBV2 || V1 vs V2 || V1 - ORIGINAL || 2ND TRY || 7C || 17/03/25,,$293,"10,955",2025-03-17,2025-03-24,7
109,CB_2025_Mar_FB_3910_LZ-DP_V01_1x1_IMG_EN_Opti_C-Headline_Evergreen_CTA-NONE_Angle-W_M-NONE_VL-None_G-NONE_P-TRIAL_S-NONE_FB3251V02.png,US || Free trial offer || Trial ads || Trial purchase || 7C || 19/03/25,,$286,"9,809",2025-03-19,2025-03-27,8
110,CB_2024_Nov_FB_3264_LZ_V31_4x5_VID_EN_Opti_C-MakingOf_Sale_CTA-BF_Angle-W-B_M-CRAZY_VL-45s_G-M_P-OG_S-NEW_FB3004V02,CBV2 || AU || üí∞ Advantage+ || US || BROAD || 7C || Existing_customer_5% || 19/12/24 Ad set,VIDEO,$285,"7,038",2024-12-19,2025-03-27,98
111,CB_2024_Nov_FB_3264_LZ_V31_4x5_VID_EN_Opti_C-MakingOf_Sale_CTA-BF_Angle-W-B_M-CRAZY_VL-45s_G-M_P-OG_S-NEW_FB3004V02,CBV2 || EU (UK) || üí∞ Advantage+ || US || BROAD || 7C || Existing_customer_5% || 15/12/24 Ad set,VIDEO,$281,"11,507",2024-12-19,2025-03-27,98
112,CB_2025_Mar_FB_3911_DT_V04_9x16_VID_EN_Opti_C-Sale_Sale_CTA-Patrick_Angle-W_M-JANW_VL-30s_G-M_P-OG_S-WHAT_FB2284V05.mp4,EU (UK) || 3911 - St. Patrick day opti || 7C || 16/03/2025w11,VIDEO,$277,"17,941",2025-03-16,2025-03-18,2
113,CB_2025_Feb_FB_3827_LZ_V01_1x1_IMG_EN_Opti_C-Headline_Evergreen_CTA-NONE_Angle-W_M-NONE_VL-None_G-M_P-CBV2_S-NONE_FB3723V04.png,US || CBV2 || V1 vs V2 || V2 - PREMIUM || 7C || 15/03/25,,$263,"15,702",2025-03-15,2025-03-18,3
114,CB_2025_Jan_FB_3723_SO_V07_4x5_IMG_EN_New_C-NONE_Evergreen_CTA-SALE_Angle-W_M-NONE_VL-None_G-NONE_P-NONE_S-NONE,üå∂Ô∏è || US || ASC+ || ->CC141 || VIDEO Only || US+CA || 0% EXISTING CAP || 7C || 07/08.24  Ad set,SHARE,$261,"13,408",2025-02-04,2025-03-27,51
115,CB_2024_Jan_FB_2762_IK_V05_1x1_IMG_EN_New_C-WrittenTesti_CTA-CTA_Pain-W-B-C_M-NONE_VL-None_TR-None_G-NONE_P-V2_S-NONE,CBV2 || EU (UK) || üí∞ Advantage+ || US || BROAD || 7C || Existing_customer_5% || 15/12/24 Ad set,SHARE,$261,"9,083",2024-12-15,2025-03-27,102
116,CB_2025_Mar_FB_3881_CHUB-AS_V04_9x16_VID_EN_New_C-NONE_CTA-NONE_Angle-None_M-NONE_VL-None_TR-None_G-NONE_P-NONE_S-NONE,3881 - CHUB Boomer Daughter & 3893 CHUB Boomer Mom || Enhancements: OFF || CBV1 || 7C || 16/03/25w12,,$259,"11,004",2025-03-14,2025-03-20,6
117,CB_2024_Aug_FB_3097_VK-DP_V03_9x16_VID_EN_Opti_C-Benefits_CTA-SMR_Pain-W-B_M-MIX_VL-45s_TR-None_G-MF_P-OG_S-WHAT_FB2516V13,US || Kilo Product's leads LAL || 7C || 04/03/25,VIDEO,$252,"7,047",2025-03-04,2025-03-27,23
118,CB_2025_Feb_FB_3803_CHUB_V12_1x1_IMG_EN_New_C-NONE_CTA-NONE_Angle-None_M-NONE_VL-None_TR-None_G-NONE_P-NONE_S-NONE_blog_cbglp1_cv_en,Attribution Test - Standard URL || GLP-1 || LP:HI | 3803 Advertorials CHUB || Natural GLP-1 Enhancer Takes Its Place || Batch 3 || 12/07/25,,$250,"5,388",2025-03-12,2025-03-18,6
119,CB_2025_Feb_FB_3860_LZ-DP_V03_9x16_VID_EN_Opti_C-Testimonial_Evergreen_CTA-SALE_Angle-W_M-MOOD_VL-20s_G-M_P-OG_S-WOOD_FB21176V11_1,3860_LZ-DP || Batch 1 || 7C || 18/03/2025w12,VIDEO,$246,"13,056",2025-03-20,2025-03-21,1
120,CB_2024_Mar_FB_2883_DA_V06_9x16_VID_ES_Opti_C-Pointing_CTA-CTA_Pain-W-B_M-TRC_VL-30s_TR-None_G-F_P-OG_S-FRIGGA_FB2217V04.mp4,LATAM üá™üá∏ || CBV2 || Advantage+ || 0% EXISTING CAP || BROAD || 7C || 22/03/25 Campaign Ad set,,$245,"19,895",2025-03-22,2025-03-27,5
121,CB_2025_Jan_FB_3779_VK-DP_V02_1x1_VID_EN_Opti_C-BulletPoints_Evergreen_CTA-70_Angle-W-B-C_M-NONE_VL-None_G-F_P-OG_S-NEW_FB3705V02,3779 - opti 3705 || Enhancements: OFF || CBV1 || Batch 1 || 1C || 04/02/25w06 || Kostas,SHARE,$242,"13,400",2025-02-04,2025-03-20,44
122,CB_2025_Feb_FB_3827_LZ_V03_1x1_IMG_EN_Opti_C-Headline_Evergreen_CTA-SALE_Angle-W_M-NONE_VL-None_G-M_P-CBV2_S-NONE_FB3705V02,CBV2 || US || Manual Bid: ROAS GOAL: 1.00 -> 1.1 || 7DC || 22/01/2025,SHARE,$236,"6,980",2025-02-18,2025-03-27,37
123,CB_2023_Apr_FB_1989_RS_V08_9x16_VID_EN_Opti_C-Trend_CTA-SMR_Pain-W_M-MIX_VL-30s_TR-None_G-MF_P-None - Copy,CB || ASC+ || SCALE || US || 0% EXISTING CAP || BROAD || 7C1EV || 20/03/25 Ad set,,$231,"21,254",2025-03-20,2025-03-22,2
124,CB_2024_Dec_FB_3619_VK-JT_V02_4x5_VID_EN_New_C-BulletPoints_Sale_CTA-NY_Angle-W-B-C_M-NONE_VL-None_G-NONE_P-OG_S-NONE,üå∂Ô∏è || US || ASC+ || ->CC141 || VIDEO Only || US+CA || 0% EXISTING CAP || 7C || 07/08.24  Ad set,SHARE,$223,"9,782",2024-12-27,2025-03-27,90
125,CB_2025_Jan_FB_3723_SO_V04_4x5_IMG_EN_New_C-NONE_Evergreen_CTA-SALE_Angle-W_M-NONE_VL-None_G-NONE_P-NONE_S-NONE,US || V1 vs V2 || V1 - ORIGINAL || 7C || 15/03/25,,$223,"11,872",2025-03-15,2025-03-18,3
126,CB_2025_Feb_FB_3589_CHUB-KZ_V11_9x16_VID_EN_New_C-NONE_CTA-NONE_Angle-None_M-NONE_VL-None_TR-None_G-NONE_P-NONE_S-NONE_blog_menopausesolutionnew_cv_en,CBV1 || LP:HI | 3859 - Blog_HormonalReset CHUB || The Little Known ‚ÄúHormonal Reset‚Äù || Batch 3 || 17/03/25,,$218,"3,088",2025-03-17,2025-03-21,4
127,CB_2024_Nov_FB_3305_SO-DP_V02_4x5_VID_EN_Opti_C-Sale_CTA-BF_Pain-W_M-Chris_VL-30s_TR-None_G-MF_P-Plan_S-NEW_FB2601V07,CBV2 || AU || üí∞ Advantage+ || US || BROAD || 7C || Existing_customer_5% || 19/12/24 Ad set,VIDEO,$214,"6,505",2024-12-19,2025-03-27,98
128,CB_2023_Dec_FB_2712_RS-DP_V02_1x1_VID_EN_Opti_C-WrittenTesti_CTA-SALE_Pain-W-B-C_M-NONE_VL-None_TR-None_G-NONE_P-V2_S-NONE_FB2227V08,CBV2 || UK || Manual Bid: ROAS GOAL: 1.60 || 7DC || 21/03/2025,SHARE,$214,"9,090",2025-03-21,2025-03-26,5
129,CB_2025_Feb_FB_3874_CHUB-KZ_V08_1x1_IMG_EN_New_C-NONE_CTA-NONE_Angle-W_M-NONE_VL-None_TR-None_G-NONE_P-NONE_S-NONE_blog_biohacking_cv_en,CBV1 || LP:HI | 3874 Advertorial Biohacking || Biohack for 40+ Women || Batch 2 || 17/07/25,,$209,"3,294",2025-03-17,2025-03-21,4
130,CB_2025_Jan_FB_3723_SO_V04_4x5_IMG_EN_New_C-NONE_Evergreen_CTA-SALE_Angle-W_M-NONE_VL-None_G-NONE_P-NONE_S-NONE,US || Kilo Product's leads LAL || 7C || 04/03/25,SHARE,$207,"11,066",2025-03-04,2025-03-27,23
131,CB_2025_Mar_FB_3897_SO_V08_1x1_IMG_EN_New_C-NONE_Evergreen_CTA-NONE_Angle-W-B-C_M-NONE_VL-None_G-NONE_P-OG_S-NONE,3897 - #5 Blue-collar || Enhancements: OFF || CBV1 || Batch 1-2 || 7C || 16/03/25w12,,$202,"8,505",2025-03-14,2025-03-20,6
132,CB_2025_Jan_FB_3741_LZ-JG_V01_4x5_IMG_EN_Opti_C-Headline_Evergreen_CTA-NONE_Angle-W_M-NONE_VL-None_G-NONE_P-CBV2_S-NONE_FB3357V01,CBV2 || US || Manual Bid: ROAS GOAL: 1.00 -> 1.1 || 7DC || 22/01/2025,SHARE,$198,"6,258",2025-01-22,2025-03-27,64
133,CB_2024_Sep_FB_3175_DA-KB_V02_1x1_IMG_EN_New_C-ADVRT_Evergreen_CTA-NONE_Angle-W_M-NONE_VL-None_G-NONE_P-CBV2_S-NONE_blog_colonbroomvsmammoth_cv_en,CBV2 || Advantage+ || Advertorial || Higher pricing || US || 0% EXISTING CAP || BROAD || 7C || 20/01/25  Campaign Ad set,SHARE,$195,"9,024",2025-01-20,2025-03-27,66
134,CB_2025_Mar_FB_3884_SO_V16_9x16_IMG_EN_New_C-NONE_Evergreen_CTA-NONE_Angle-W-B-C_M-Nate_VL-15s_G-M_P-OG_S-NEW,3884 - Body Shaming Angle || Enhancements: OFF || CBV1 || Batch 4 || 7C || 10/03/25w11,,$192,"8,928",2025-03-10,2025-03-20,10
135,CB_2025_Jan_FB_3742_SO-DP-KB_V01_4x5_IMG_EN_Opti_C-NONE_Evergreen_CTA-SALE_Angle-W_M-NONE_VL-None_G-NONE_P-CBV2_S-NONE3665V01,CBV2 || EU (UK) || üí∞ Advantage+ || US || BROAD || 7C || Existing_customer_5% || 15/12/24 Ad set,SHARE,$188,"7,809",2025-02-04,2025-03-27,51
136,CB_2025_Jan_FB_3779_VK-DP_V02_1x1_VID_EN_Opti_C-BulletPoints_Evergreen_CTA-70_Angle-W-B-C_M-NONE_VL-None_G-F_P-OG_S-NEW_FB3705V02,CB || ASC+ || SCALE || US || 0% EXISTING CAP || BROAD || 7C1EV || 20/03/25 Ad set,,$188,"7,134",2025-03-20,2025-03-22,2
137,CB_2025_Feb_FB_3812_SO_V03_4x5_IMG_EN_Opti_C-NONE_Evergreen_CTA-SALE_Angle-W_M-NONE_VL-None_G-NONE_P-NONE_S-NONE_FB3723V07,US || V1 vs V2 || V1 - ORIGINAL || 7C || 15/03/25,,$187,"9,034",2025-03-15,2025-03-18,3
138,CB_2025_Mar_FB_3890_DT_V02_1x1_IMG_EN_New_C-NONE_Evergreen_CTA-None_Angle-W_M-NONE_VL-None_G-NONE_P-OG_S-NONE,3890 - Your Peak Performance in 6 weeks || Enhancements: OFF || CBV1 || Batch 1 || 7C || 10/03/25w11,,$186,"10,668",2025-03-12,2025-03-27,15
139,CB_2025_Jan_FB_3723_SO_V04_4x5_IMG_EN_New_C-NONE_Evergreen_CTA-SALE_Angle-W_M-NONE_VL-None_G-NONE_P-NONE_S-NONE,CA || ASC+ || 0% EXISTING || 7DC || 18.03.2025,SHARE,$183,"18,356",2025-03-18,2025-03-27,9
140,CB_2025_Feb_FB_3874_CHUB-KZ_V05_1x1_IMG_EN_New_C-NONE_CTA-NONE_Angle-W_M-NONE_VL-None_TR-None_G-NONE_P-NONE_S-NONE_blog_biohacking_cv_en,CBV1 || LP:HI | 3874 Advertorial Biohacking || Biohack for 40+ Women || Batch 2 || 17/07/25,,$180,"4,199",2025-03-17,2025-03-21,4
141,CB_2025_Jan_FB_3751_VK-DP_V02_4x5_IMG_EN_New_C-BulletPoints_Sale_CTA-NY_Angle-W-B-C_M-NONE_VL-None_G-M_P-GLP1_S-NONE.jpg,GLP-1 üíú || ASC+ || US || 5% EXISTING CAP || 7C || 20/02/25 . Ad set,SHARE,$177,"7,661",2025-03-05,2025-03-18,13
142,CB_2025_Mar_FB_3884_SO_V15_9x16_IMG_EN_New_C-NONE_Evergreen_CTA-NONE_Angle-W-B-C_M-Nate_VL-15s_G-M_P-OG_S-NEW,3884 - Body Shaming Angle || Enhancements: OFF || CBV1 || Batch 4 || 7C || 10/03/25w11,,$173,"6,104",2025-03-10,2025-03-20,10
143,CB_2025_Feb_FB_3827_LZ_V02_1x1_IMG_EN_Opti_C-Headline_Evergreen_CTA-NONE_Angle-W_M-NONE_VL-None_G-M_P-CBV2_S-NONE_FB3723V18,CBV2 || US || Manual Bid: ROAS GOAL: 1.00 -> 1.1 || 7DC || 22/01/2025,SHARE,$172,"6,860",2025-02-18,2025-03-27,37
144,CB_2025_Mar_FB_3902_SO-JT_V03_1x1_IMG_EN_New_C-NONE_Evergreen_CTA-NONE_Angle-W-B-C_M-NONE_VL-None_G-NONE_P-OG_S-NONE,3902 - OZEMPIC MEET YOUR MATCH / V1 || Enhancements: OFF || CBV1 || Batch 1 || 7C || 16/03/25w12,,$171,"6,330",2025-03-14,2025-03-27,13
145,CB_2025_Jan_FB_3748_VK-DP_V02_4x5_IMG_EN_New_C-BulletPoints_Sale_CTA-NY_Angle-W-B-C_M-NONE_VL-None_G-M_P-OG_S-NONE.png - Copy,3748 - winner ads opti - GLP1 - VK-DP || Enhancements: OFF || GLP-1 || Batch 1 || 7C || 20/02/25w09 || Valentinas,SHARE,$158,"4,880",2025-02-24,2025-03-18,22
146,CB_2024_Sep_FB_3175_DA-KB_V04_1x1_IMG_EN_New_C-ADVRT_Evergreen_CTA-NONE_Angle-W_M-NONE_VL-None_G-NONE_P-CBV2_S-NONE_blog_colonbroomvsmammoth_cv_en,LATAM || CBV2 || Advantage+ || Advertorial || Higher pricing || 0% EXISTING CAP || BROAD || 7C || 22/03/25 Ad set,,$158,"10,807",2025-03-22,2025-03-23,1
147,CB_2024_Mar_FB_2883_DA_V01_1x1_IMG_ES_Opti_C-WrittenTesti_CTA-60_Pain-W-B-C_M-NONE_VL-None_TR-None_G-NONE_P-V2_S-NONE_FB2712V02,LATAM üá™üá∏ || CBV2 || Advantage+ || 0% EXISTING CAP || BROAD || 7C || 22/03/25 Campaign Ad set,,$158,"12,609",2025-03-22,2025-03-27,5
148,CB_2024_Sep_FB_3175_DA-KB_V01_1x1_IMG_EN_New_C-ADVRT_Evergreen_CTA-NONE_Angle-W_M-NONE_VL-None_G-NONE_P-CBV2_S-NONE_blog_colonbroomvsmammothhighprice3_cv_en,CBV2 || A/B test CTA button: Variaton || CBV2 vs Happy Mammoth || 7C || 13/03/25,,$149,"5,531",2025-03-13,2025-03-26,13
149,CB_2025_Feb_FB_3589_CHUB-KZ_V09_9x16_VID_EN_New_C-NONE_CTA-NONE_Angle-None_M-NONE_VL-None_TR-None_G-NONE_P-NONE_S-NONE_blog_menopausesolutionnew_cv_en,CBV1 || LP:HI | 3859 - Blog_HormonalReset CHUB || The Little Known ‚ÄúHormonal Reset‚Äù || Batch 3 || 17/03/25,,$147,"4,060",2025-03-17,2025-03-21,4
150,CB_2024_Jan_FB_2783_VK-RP_V02_1x1_IMG_EN_Opti_C-ADVRT_CTA-NONE_Pain-W_M-NONE_VL-None_TR-None_G-NONE_P-V2_S-NONE,CBV2 || UK || Advantage+ || Advertorial |  || 0% EXISTING CAP || BROAD || 7C || ad set 18/03/25,SHARE,$144,"3,987",2025-03-18,2025-03-27,9
151,CB_2024_Dec_FB_3592_VK-DP_V10_4x5_VID_EN_New_C-BulletPoints_Sale_CTA-SALE_Angle-W-B-C_M-NONE_VL-30s_G-F_P-OG_S-NEW - Copy,üå∂Ô∏è || US || ASC+ || ->CC141 || VIDEO Only || US+CA || 0% EXISTING CAP || 7C || 07/08.24  Ad set,VIDEO,$142,"5,024",2024-12-21,2025-03-27,96
152,CB_2023_Jul_FB_2217_IB_V04_9x16_VID_EN_Opti_C-Pointing_CTA-SMR_Pain-W-B_M-TRC_VL-30s_TR-None_G-F_P-None_S-FRIGGA,US || V1 vs V2 || V1 - ORIGINAL || 2ND TRY || 7C || 17/03/25,,$138,"5,113",2025-03-17,2025-03-24,7
153,CB_2025_Jan_FB_3742_SO-DP-KB_V06_4x5_IMG_EN_Opti_C-NONE_Evergreen_CTA-SALE_Angle-W_M-NONE_VL-None_G-NONE_P-CBV2_S-NONE3665V01.png,US || CBV2 || V1 vs V2 || V2 - PREMIUM || 7C || 15/03/25,,$136,"6,673",2025-03-15,2025-03-18,3
154,CB_2024_Oct_FB_3252_VK-DP_V04_4x5_VID_EN_Opti_C-MakingOf_Evergreen_CTA-SALE_Angle-W-B-C_M-JOG_VL-45s_G-F_P-OG_S-MOON_FB3090V02,üå∂Ô∏è || US || ASC+ || ->CC141 || VIDEO Only || US+CA || 0% EXISTING CAP || 7C || 07/08.24  Ad set,VIDEO,$131,"4,328",2024-11-07,2025-03-27,140
155,CB_2024_Aug_FB_3097_VK-DP_V03_9x16_VID_EN_Opti_C-Benefits_CTA-SMR_Pain-W-B_M-MIX_VL-45s_TR-None_G-MF_P-OG_S-WHAT_FB2516V13,US || CBV2 || V1 vs V2 || V1 - ORIGINAL || 2ND TRY || 7C || 17/03/25,,$120,"4,732",2025-03-17,2025-03-24,7
156,CB_2025_Feb_FB_3803_CHUB_V11_1x1_IMG_EN_New_C-NONE_CTA-NONE_Angle-None_M-NONE_VL-None_TR-None_G-NONE_P-NONE_S-NONE_blog_cbglp1_cv_en,Attribution Test - Standard URL || GLP-1 || LP:HI | 3803 Advertorials CHUB || Natural GLP-1 Enhancer Takes Its Place || Batch 3 || 12/07/25,,$116,"1,899",2025-03-12,2025-03-18,6
157,CB_2024_Jan_FB_2783_VK-RP_V02_1x1_IMG_EN_Opti_C-ADVRT_CTA-NONE_Pain-W_M-NONE_VL-None_TR-None_G-NONE_P-V2_S-NONE,CBV2 || TOP EU || Advantage+ || Advertorial |  || 0% EXISTING CAP || BROAD || 7C || 21/03/25 Ad set,SHARE,$111,"3,899",2025-03-21,2025-03-27,6
158,CB_2024_Feb_FB_2814_MB-DP_V05_1x1_IMG_EN_New_C-WeightLoss_CTA-None_Pain-W-B-C_M-NONE_VL-None_TR-None_G-NONE_P-V2_S-NONE,CBV2 || EU (UK) || üí∞ Advantage+ || US || BROAD || 7C || Existing_customer_5% || 15/12/24 Ad set,SHARE,$106,"3,185",2025-01-31,2025-03-27,55
159,CB_2024_Oct_FB_3214_DT-KB_V03_1x1_IMG_EN_New_C-ADVRT_Evergreen_CTA-NONE_Angle-W_M-NONE_VL-None_G-NONE_P-OG_S-NONE,CA || Advantage+ || Advertorial || 7C ||  BROAD || Existing_customer_0% || 20/03/25 Ad set,SHARE,$100,"7,212",2025-03-20,2025-03-27,7
160,CB_2024_Mar_FB_2883_DA_V02_1x1_IMG_ES_Opti_C-WrittenTesti_CTA-60_Pain-W-B-C_M-NONE_VL-None_TR-None_G-NONE_P-V2_S-NONE_FB2762V05,LATAM üá™üá∏ || CBV2 || Advantage+ || 0% EXISTING CAP || BROAD || 7C || 22/03/25 Campaign Ad set,,$96,"6,519",2025-03-22,2025-03-27,5
161,CB_2025_Mar_FB_3904_DT_V02_9x16_VID_EN_New_C-Trend_Evergreen_CTA-NONE_Angle-W_M-MIX_VL-30s_G-MF_P-OG_S-New,3904 - Notion / I thought my man was cheating on me || Enhancements: OFF || CBV1 || Batch 1 || 7C || 16/03/25w12,,$95,"4,583",2025-03-14,2025-03-27,13
162,CB_2024_Aug_FB_3097_VK-DP_V03_9x16_VID_EN_Opti_C-Benefits_CTA-SMR_Pain-W-B_M-MIX_VL-45s_TR-None_G-MF_P-OG_S-WHAT_FB2516V13,US || V1 vs V2 || V1 - ORIGINAL || 2ND TRY || 7C || 17/03/25,,$93,"3,474",2025-03-17,2025-03-24,7
163,CB_2025_Jan_FB_3723_SO_V07_4x5_IMG_EN_New_C-NONE_Evergreen_CTA-SALE_Angle-W_M-NONE_VL-None_G-NONE_P-NONE_S-NONE,US || Kilo Product's leads LAL || 7C || 04/03/25,SHARE,$89,"3,469",2025-03-04,2025-03-27,23
164,CB_2024_Sep_FB_3175_DA-KB_V02_1x1_IMG_EN_New_C-ADVRT_Evergreen_CTA-NONE_Angle-W_M-NONE_VL-None_G-NONE_P-CBV2_S-NONE_blog_colonbroomvsmammoth_cv_en,CBV2 || A/B test CTA button: Control || CBV2 vs Happy Mammoth || 7C || 13/03/25,,$88,"4,125",2025-03-13,2025-03-26,13
165,CB_2025_Mar_FB_3905_SO-JT_V01_1x1_IMG_EN_New_C-NONE_Evergreen_CTA-NONE_Angle-W-B-C_M-NONE_VL-None_G-NONE_P-OG_S-NONE,3905 - CB V1 FAUX || Enhancements: OFF || CBV1 || Batch 1 || 7C || 16/03/25w12,,$83,"2,575",2025-03-14,2025-03-20,6
166,CB_2023_Jul_FB_2284_DA_V05_9x16_VID_EN_Opti_C-Sale_CTA-SMR_Pain-W_M-JANW_VL-30s_TR-None_G-M_P-None_S-WHAT_FB2103V02 - Copy,CB || ASC+ || SCALE || US || 0% EXISTING CAP || BROAD || 7C1EV || 20/03/25 Ad set,,$80,"3,608",2025-03-20,2025-03-22,2
167,CB_2025_Jan_FB_3723_SO_V07_4x5_IMG_EN_New_C-NONE_Evergreen_CTA-SALE_Angle-W_M-NONE_VL-None_G-NONE_P-NONE_S-NONE,CA || ASC+ || 0% EXISTING || 7DC || 18.03.2025,SHARE,$79,"8,788",2025-03-18,2025-03-27,9
168,CB_2024_Jan_FB_2784_RS_V02_9x16_VID_EN_Opti_C-Pointing_CTA-SALE_Pain-W_M-JOG_VL-30s_TR-None_G-F_P-OG_S-OLLIE_FB2181V01,CBV2 || UK || Manual Bid: ROAS GOAL: 1.60 || 7DC || 21/03/2025,VIDEO,$74,"3,349",2025-03-21,2025-03-26,5
169,CB_2025_Feb_FB_3868_VK-DP_V03_9x16_VID_EN_New_C-BulletPoints_Evergreen_CTA-NONE_Angle-W-B-C_M-NONE_VL-15s_G-M_P-OG_S-NEW.mp4,3868 - What i ordered for dad bod || Enhancements: OFF || CBV1 || Batch 1 || 7C || 03/03/25w10 || Valentinas,SHARE,$72,"2,299",2025-03-03,2025-03-20,17
170,CB_2024_Mar_FB_2888_JG_V02_9x16_IMG_EN_Opti_C-Benefits_CTA-NONE_Pain-W_M-NONE_VL-None_TR-None_G-NONE_P-V2_S-NONE,CBV2 || AU || üí∞ Advantage+ || US || BROAD || 7C || Existing_customer_5% || 19/12/24 Ad set,SHARE,$71,"2,624",2024-12-19,2025-03-27,98
171,CB_2025_Mar_FB_3891_VK_V05_1x1_IMG_EN_New_C-BulletPoints_Evergreen_CTA-65_Angle-W-B-C_M-NONE_VL-None_G-M_P-OG_S-NONE - Copy 2,CB || ASC+ || SCALE || US || 0% EXISTING CAP || BROAD || 7C1EV || 20/03/25 Ad set,,$71,"4,200",2025-03-20,2025-03-22,2
172,CB_2024_Mar_FB_2888_JG_V01_9x16_IMG_EN_Opti_C-Benefits_CTA-NONE_Pain-W_M-NONE_VL-None_TR-None_G-NONE_P-V2_S-NONE,CBV2 || AU || üí∞ Advantage+ || US || BROAD || 7C || Existing_customer_5% || 19/12/24 Ad set,SHARE,$71,"1,883",2024-12-19,2025-03-27,98
173,CB_2025_Feb_FB_3883_LZ-RP_V06_9x16_VID_EN_Opti_C-MakingOf_Evergreen_CTA-SALE_Angle-W_M-CRAZY_VL-45s_G-M_P-OG_S-NEW_FB3004V02,üå∂Ô∏è || US || ASC+ || ->CC141 || VIDEO Only || US+CA || 0% EXISTING CAP || 7C || 07/08.24  Ad set,,$69,"3,394",2025-03-11,2025-03-17,6
174,CB_2024_Oct_FB_3182_ZS-GC_V13_1x1_IMG_EN_New_C-UsVsThem_Evergreen_CTA-NONE_Angle-B-C_M-NONE_VL-None_G-NONE_P-OG_S-NONE,CBV2 || AU || üí∞ Advantage+ || US || BROAD || 7C || Existing_customer_5% || 19/12/24 Ad set,SHARE,$67,"2,814",2024-12-19,2025-03-27,98
175,CB_2025_Jan_FB_3756_VK-DP_V01_4x5_IMG_EN_New_C-BulletPoints_Evergreen_CTA-NONE_Angle-W-B-C_M-NONE_VL-None_G-M_P-GLP1_S-NONE.png,GLP-1 üíú || ASC+ || US || 5% EXISTING CAP || 7C || 20/02/25 . Ad set,SHARE,$66,"2,711",2025-03-05,2025-03-18,13
176,CB_2024_Mar_FB_2883_DA_V03_9x16_VID_ES_Opti_C-Sale_CTA-60_Pain-W-B_M-JOG_VL-30s_TR-None_G-F_P-V2_S-WHAT_FB2429V03,LATAM üá™üá∏ || CBV2 || Advantage+ || 0% EXISTING CAP || BROAD || 7C || 22/03/25 Campaign Ad set,,$64,"6,371",2025-03-22,2025-03-27,5
177,CB_2025_Mar_FB_3910_LZ-JG_V04_9x16_VID_EN_Opti_C-Testimonial_Evergreen_CTA-NONE_Angle-W_M-TRC_VL-15s_G-F_P-TRIAL_S-FRIGGA_FB2217V04.mp4,US || Free trial offer || Trial ads || IC || 7C || 21/03/25,,$63,"2,610",2025-03-21,2025-03-23,2
178,CB_2025_Mar_FB_3897_SO_V06_1x1_IMG_EN_New_C-NONE_Evergreen_CTA-NONE_Angle-W-B-C_M-NONE_VL-None_G-NONE_P-OG_S-NONE,3897 - #5 Blue-collar || Enhancements: OFF || CBV1 || Batch 1-2 || 7C || 16/03/25w12,,$61,"2,759",2025-03-14,2025-03-20,6
179,CB_2025_Mar_FB_3897_SO_V03_1x1_IMG_EN_New_C-NONE_Evergreen_CTA-NONE_Angle-W-B-C_M-NONE_VL-None_G-NONE_P-OG_S-NONE,3897 - #5 Blue-collar || Enhancements: OFF || CBV1 || Batch 1-2 || 7C || 16/03/25w12,,$61,"2,784",2025-03-14,2025-03-20,6
180,CB_2024_Sep_FB_3175_DA-KB_V01_1x1_IMG_EN_New_C-ADVRT_Evergreen_CTA-NONE_Angle-W_M-NONE_VL-None_G-NONE_P-CBV2_S-NONE_blog_colonbroomvsmammoth_cv_en,CBV2 || A/B test CTA button: Control || CBV2 vs Happy Mammoth || 7C || 13/03/25,,$60,"2,573",2025-03-13,2025-03-26,13
181,CB_2025_Jan_FB_3723_SO_V04_4x5_IMG_EN_New_C-NONE_Evergreen_CTA-SALE_Angle-W_M-NONE_VL-None_G-NONE_P-NONE_S-NONE - Copy,CB || ASC+ || SCALE || US || 0% EXISTING CAP || BROAD || 7C1EV || 20/03/25 Ad set,,$60,"2,369",2025-03-20,2025-03-22,2
182,CB_2025_Mar_FB_3893_CHUB-AS_V01_9x16_VID_EN_New_C-NONE_CTA-NONE_Angle-None_M-NONE_VL-None_TR-None_G-NONE_P-NONE_S-NONE,3881 - CHUB Boomer Daughter & 3893 CHUB Boomer Mom || Enhancements: OFF || CBV1 || 7C || 16/03/25w12,,$57,"2,631",2025-03-14,2025-03-20,6
183,CB_2025_Mar_FB_3911_DT_V01_1x1_IMG_EN_New_C-Headline_Evergreen_CTA-Patrick_Angle-W-B-C_M-NONE_VL-None_G-NONE_P-V2_S-NONE_FB2814V01.png,EU (UK) || 3911 - St. Patrick day opti || 7C || 16/03/2025w11,SHARE,$55,"2,855",2025-03-16,2025-03-18,2
184,CB_2025_Mar_FB_3897_SO_V07_1x1_IMG_EN_New_C-NONE_Evergreen_CTA-NONE_Angle-W-B-C_M-NONE_VL-None_G-NONE_P-OG_S-NONE,3897 - #5 Blue-collar || Enhancements: OFF || CBV1 || Batch 1-2 || 7C || 16/03/25w12,,$52,"1,866",2025-03-14,2025-03-20,6
185,CB_2025_Mar_FB_3910_LZ-DP_V03_9x16_VID_EN_Opti_C-BulletPoints_Evergreen_CTA-NONE_Angle-W_M-MAN_VL-15s_G-M_P-TRIAL_S-WHAT_FB3097V03.mp4,US || Free trial offer || Trial ads || Trial purchase || 7C || 19/03/25,,$52,"2,328",2025-03-19,2025-03-27,8
186,CB_2025_Feb_FB_3589_CHUB-KZ_V05_9x16_VID_EN_New_C-NONE_CTA-NONE_Angle-None_M-NONE_VL-None_TR-None_G-NONE_P-NONE_S-NONE_blog_menopausesolutionnew_cv_en,CBV1 || LP:HI | 3859 - Blog_HormonalReset CHUB || The Little Known ‚ÄúHormonal Reset‚Äù || Batch 2 || 17/03/25,,$50,"1,155",2025-03-17,2025-03-21,4
187,CB_2025_Feb_FB_3863_DT-DP_V04_9x16_VID_EN_New_C-Trend_Sale_CTA-70_Angle-W_M-POW_VL-30s_G-M_P-OG_S-NEW.mp4,3863 - Aaron man boobs vid || Enhancements: OFF || CBV1 || Batch 1 || 7C || 26/02/25w09 || Valentinas,VIDEO,$50,"2,610",2025-02-26,2025-03-27,29
188,CB_2024_Aug_FB_3090_DT-DP_V02_9x16_VID_EN_Opti_C-MakingOf_CTA-CTA_Pain-W-B-C_M-POW_VL-45s_TR-None_G-M_P-OG_S-Moon_FB3029V04,CBV2 || UK || Manual Bid: ROAS GOAL: 1.60 || 7DC || 21/03/2025,VIDEO,$49,"2,097",2025-03-21,2025-03-26,5
189,CB_2025_Mar_FB_3910_LZ-DP_V03_9x16_VID_EN_Opti_C-BulletPoints_Evergreen_CTA-NONE_Angle-W_M-MAN_VL-15s_G-M_P-TRIAL_S-WHAT_FB3097V03.mp4,US || Free trial offer || Trial ads || ATC || 7C || 16/03/25,,$49,"2,201",2025-03-16,2025-03-27,11
190,CB_2024_Aug_FB_3097_VK-DP_V03_9x16_VID_EN_Opti_C-Benefits_CTA-SMR_Pain-W-B_M-MIX_VL-45s_TR-None_G-MF_P-OG_S-WHAT_FB2516V13,CB || ASC+ || SCALE || US || 0% EXISTING CAP || BROAD || 7C1EV || 20/03/25 Ad set,,$48,"3,896",2025-03-20,2025-03-22,2
191,CB_2023_Jul_FB_2217_IB_V04_9x16_VID_EN_Opti_C-Pointing_CTA-SMR_Pain-W-B_M-TRC_VL-30s_TR-None_G-F_P-None_S-FRIGGA,US || Manual Bid || BFCM || COST CAP 71 || 1C || 15/11/24,VIDEO,$48,"1,812",2024-11-15,2025-03-27,132
192,CB_2025_Mar_FB_3902_SO-JT_V02_1x1_IMG_EN_New_C-NONE_Evergreen_CTA-NONE_Angle-W-B-C_M-NONE_VL-None_G-NONE_P-OG_S-NONE,3902 - OZEMPIC MEET YOUR MATCH / V1 || Enhancements: OFF || CBV1 || Batch 1 || 7C || 16/03/25w12,,$47,"1,748",2025-03-14,2025-03-27,13
193,CB_2025_Mar_FB_3910_LZ-JG_V01_1x1_IMG_EN_Opti_C-Headline_Evergreen_CTA-NONE_Angle-W_M-NONE_VL-None_G-NONE_P-TRIAL_S-NONE_FB3251V02.png,US || Free trial offer || Trial ads || 7C || 15/03/25,,$47,"1,884",2025-03-15,2025-03-17,2
194,CB_2025_Feb_FB_3818_LZ-VU_V18_1x1_IMG_EN_Opti_C-Headline_Evergreen_CTA-NONE_Angle-Cort_M-NONE_VL-None_G-NONE_P-NONE_S-NONE_FB3251V01,3818 - It's not cheap Months+holidays || March || Enhancements: OFF || CBV1 || 7C || 14/03/25w11,,$47,"1,327",2025-03-14,2025-03-17,3
195,CB_2025_Feb_FB_3589_CHUB-KZ_V12_9x16_VID_EN_New_C-NONE_CTA-NONE_Angle-None_M-NONE_VL-None_TR-None_G-NONE_P-NONE_S-NONE_blog_menopausesolutionnew_cv_en,CBV1 || LP:HI | 3859 - Blog_HormonalReset CHUB || The Little Known ‚ÄúHormonal Reset‚Äù || Batch 3 || 17/03/25,,$46,653,2025-03-17,2025-03-21,4
196,CB_2024_Oct_FB_3214_DT-KB_V06_1x1_IMG_EN_New_C-ADVRT_Evergreen_CTA-NONE_Angle-W_M-NONE_VL-None_G-NONE_P-OG_S-NONE,CA || Advantage+ || Advertorial || 7C ||  BROAD || Existing_customer_0% || 20/03/25 Ad set,SHARE,$45,"2,773",2025-03-20,2025-03-27,7
197,CB_2025_Mar_FB_3891_VK_V08_1x1_IMG_EN_New_C-BulletPoints_Evergreen_CTA-65_Angle-W-B-C_M-NONE_VL-None_G-M_P-OG_S-NONE,3891 - LOW T LEVELS - VK || Enhancements: OFF || CBV1 || Batch 2 || 7C || 10/03/25w11,,$44,"2,060",2025-03-11,2025-03-27,16
198,CB_2025_Mar_FB_3884_SO_V14_9x16_IMG_EN_New_C-NONE_Evergreen_CTA-NONE_Angle-W-B-C_M-Nate_VL-15s_G-M_P-OG_S-NEW,3884 - Body Shaming Angle || Enhancements: OFF || CBV1 || Batch 4 || 7C || 10/03/25w11,,$43,"1,649",2025-03-10,2025-03-20,10
199,CB_2025_Mar_FB_3881_CHUB-AS_V01_9x16_VID_EN_New_C-NONE_CTA-NONE_Angle-None_M-NONE_VL-None_TR-None_G-NONE_P-NONE_S-NONE,3881 - CHUB Boomer Daughter & 3893 CHUB Boomer Mom || Enhancements: OFF || CBV1 || 7C || 16/03/25w12,,$40,"1,674",2025-03-14,2025-03-20,6
200,CB_2025_Mar_FB_3911_DT_V02_1x1_IMG_EN_Opti_C-Headline_Evergreen_CTA-Patrick_Angle-W-B-C_M-NONE_VL-None_G-NONE_P-V2_S-NONE_FB2712V02.png,EU (UK) || 3911 - St. Patrick day opti || 7C || 16/03/2025w11,SHARE,$39,"1,995",2025-03-16,2025-03-18,2
201,CB_2025_Feb_FB_3874_CHUB-AA_V11_1x1_IMG_EN_New_C-NONE_CTA-NONE_Angle-W_M-NONE_VL-None_TR-None_G-NONE_P-NONE_S-NONE_blog_biohacking_cv_en,CBV1 || LP:HI | 3874 Advertorial Biohacking || Biohack for 40+ Women || Batch 3 || 17/07/25,,$39,650,2025-03-17,2025-03-25,8
202,CB_2025_Mar_FB_3905_SO-JT_V03_1x1_IMG_EN_New_C-NONE_Evergreen_CTA-NONE_Angle-W-B-C_M-NONE_VL-None_G-NONE_P-OG_S-NONE,3905 - CB V1 FAUX || Enhancements: OFF || CBV1 || Batch 1 || 7C || 16/03/25w12,,$38,"1,351",2025-03-14,2025-03-20,6
203,CB_2025_Jan_FB_3742_SO-DP-KB_V06_4x5_IMG_EN_Opti_C-NONE_Evergreen_CTA-SALE_Angle-W_M-NONE_VL-None_G-NONE_P-CBV2_S-NONE3665V01,CBV2 || EU (UK) || üí∞ Advantage+ || US || BROAD || 7C || Existing_customer_5% || 15/12/24 Ad set,SHARE,$38,"2,034",2025-02-18,2025-03-18,28
204,CB_2025_Mar_FB_3895_VK_V02_9x16_VID_EN_New_C-BulletPoints_Evergreen_CTA-65_Angle-W-B-C_M-NONE_VL-15s_G-M_P-OG_S-MOON,3895 - #15 Me vs Them - VK || Enhancements: OFF || CBV1 || Batch 1 || 7C || 16/03/25w12,,$36,"1,669",2025-03-14,2025-03-20,6
205,CB_2024_Mar_FB_2883_DA_V04_9x16_GIF_ES_Opti_C-Benefits_CTA-60_Pain-W-B_M-NONE_VL-15s_TR-None_G-NONE_P-V2_S-NEW_FB2369V04.mp4,LATAM üá™üá∏ || CBV2 || Advantage+ || 0% EXISTING CAP || BROAD || 7C || 22/03/25 Campaign Ad set,,$35,"2,774",2025-03-22,2025-03-27,5
206,CB_2025_Mar_FB_3896_LZ_V03_1x1_IMG_EN_New_C-Headline_Evergreen_CTA-NONE_Angle-W_M-NONE_VL-None_G-M_P-OG_S-NONE,3896 - grill party img|| Enhancements: OFF || CBV1 || Batch 1 || 7C || 10/03/25w11,,$35,"1,797",2025-03-10,2025-03-23,13
207,CB_2025_Mar_FB_3907_CHUB-AA_V02__IMG_EN_Opti_C-Price_CTA-NONE_Angle-None_M-NONE_VL-None_TR-None_G-NONE_P-OG_S-NONE,3907 ‚Äì CHUB Clean Sale OPTI v2 || Enhancements: OFF || CBV1 || Batch 1 || 7C || 16/03/25w12,,$35,"1,750",2025-03-16,2025-03-27,11
208,CB_2024_Jan_FB_2783_VK-RP_V02_1x1_IMG_EN_Opti_C-ADVRT_CTA-NONE_Pain-W_M-NONE_VL-None_TR-None_G-NONE_P-V2_S-NONE,CBV2 || AU || Advantage+ || Advertorial |  || 0% EXISTING CAP || BROAD || 7C || ad set 18/03/25,SHARE,$33,"1,749",2025-03-20,2025-03-27,7
209,CB_2025_Feb_FB_3589_CHUB-KZ_V06_9x16_VID_EN_New_C-NONE_CTA-NONE_Angle-None_M-NONE_VL-None_TR-None_G-NONE_P-NONE_S-NONE_blog_menopausesolutionnew_cv_en,CBV1 || LP:HI | 3859 - Blog_HormonalReset CHUB || The Little Known ‚ÄúHormonal Reset‚Äù || Batch 2 || 17/03/25,,$32,603,2025-03-17,2025-03-21,4
210,CB_2024_Oct_FB_3214_DT-KB_V08_1x1_IMG_EN_New_C-ADVRT_Evergreen_CTA-NONE_Angle-W_M-NONE_VL-None_G-NONE_P-OG_S-NONE,CA || Advantage+ || Advertorial || 7C ||  BROAD || Existing_customer_0% || 20/03/25 Ad set,SHARE,$31,"1,840",2025-03-20,2025-03-27,7
211,CB_2024_Mar_FB_2888_JG_V03_9x16_IMG_EN_Opti_C-Benefits_CTA-NONE_Pain-W_M-NONE_VL-None_TR-None_G-NONE_P-V2_S-NONE,CBV2 || AU || üí∞ Advantage+ || US || BROAD || 7C || Existing_customer_5% || 19/12/24 Ad set,SHARE,$31,"1,302",2024-12-19,2025-03-27,98
212,CB_2025_Mar_FB_3895_VK_V01_9x16_VID_EN_New_C-BulletPoints_Evergreen_CTA-65_Angle-W-B-C_M-NONE_VL-15s_G-M_P-OG_S-WOOD,3895 - #15 Me vs Them - VK || Enhancements: OFF || CBV1 || Batch 1 || 7C || 16/03/25w12,,$31,"1,286",2025-03-14,2025-03-20,6
213,CB_2025_Mar_FB_3907_CHUB-AA_V01__IMG_EN_Opti_C-Price_CTA-NONE_Angle-None_M-NONE_VL-None_TR-None_G-NONE_P-OG_S-NONE,3907 ‚Äì CHUB Clean Sale OPTI v2 || Enhancements: OFF || CBV1 || Batch 1 || 7C || 16/03/25w12,,$31,"1,499",2025-03-16,2025-03-27,11
214,CB_2023_Dec_FB_2712_RS-DP_V02_1x1_VID_EN_Opti_C-WrittenTesti_CTA-SALE_Pain-W-B-C_M-NONE_VL-None_TR-None_G-NONE_P-V2_S-NONE_FB2227V08,US || CBV2 || V1 vs V2 || V2 - PREMIUM || 7C || 15/03/25,,$31,"1,199",2025-03-15,2025-03-18,3
215,CB_2023_Apr_FB_1989_RS_V08_9x16_VID_EN_Opti_C-Trend_CTA-SMR_Pain-W_M-MIX_VL-30s_TR-None_G-MF_P-None FB1933V05,US || V1 vs V2 || V1 - ORIGINAL || 2ND TRY || 7C || 17/03/25,,$29,"1,372",2025-03-17,2025-03-24,7
216,CB_2025_Feb_FB_3874_CHUB-KZ_V07_1x1_IMG_EN_New_C-NONE_CTA-NONE_Angle-W_M-NONE_VL-None_TR-None_G-NONE_P-NONE_S-NONE_blog_biohacking_cv_en,CBV1 || LP:HI | 3874 Advertorial Biohacking || Biohack for 40+ Women || Batch 2 || 17/07/25,,$28,672,2025-03-17,2025-03-21,4
217,CB_2025_Feb_FB_3589_CHUB-KZ_V10_9x16_VID_EN_New_C-NONE_CTA-NONE_Angle-None_M-NONE_VL-None_TR-None_G-NONE_P-NONE_S-NONE_blog_menopausesolutionnew_cv_en,CBV1 || LP:HI | 3859 - Blog_HormonalReset CHUB || The Little Known ‚ÄúHormonal Reset‚Äù || Batch 3 || 17/03/25,,$26,328,2025-03-17,2025-03-21,4
218,CB_2024_Sep_FB_3175_DA-KB_V03_1x1_IMG_EN_New_C-ADVRT_Evergreen_CTA-NONE_Angle-W_M-NONE_VL-None_G-NONE_P-CBV2_S-NONE_blog_colonbroomvsmammoth_cv_en,LATAM || CBV2 || Advantage+ || Advertorial || Higher pricing || 0% EXISTING CAP || BROAD || 7C || 22/03/25 Ad set,,$26,"1,964",2025-03-22,2025-03-23,1
219,CB_2025_Mar_FB_3910_LZ-JG_V01_1x1_IMG_EN_Opti_C-Headline_Evergreen_CTA-NONE_Angle-W_M-NONE_VL-None_G-NONE_P-TRIAL_S-NONE_FB3251V02.png,US || Free trial offer || Trial ads || IC || 7C || 21/03/25,,$25,970,2025-03-21,2025-03-23,2
220,CB_2023_May_FB_2103_MB_V02_9x16_VID_EN_Opti_C-Sale_CTA-SMR_Pain-W_M-JOG_VL-30s_TR-None_G-M-F_P-None_S-What,US || Manual Bid || BID CAP 111 || 1C || 21/12/24,VIDEO,$25,982,2024-12-28,2025-03-27,89
221,CB_2024_Sep_FB_3175_DA-KB_V02_1x1_IMG_EN_New_C-ADVRT_Evergreen_CTA-NONE_Angle-W_M-NONE_VL-None_G-NONE_P-CBV2_S-NONE_blog_colonbroomvsmammothhighprice3_cv_en,CBV2 || A/B test CTA button: Variaton || CBV2 vs Happy Mammoth || 7C || 13/03/25,,$20,871,2025-03-13,2025-03-26,13
222,CB_2025_Mar_FB_3881_CHUB-AS_V03_9x16_VID_EN_New_C-NONE_CTA-NONE_Angle-None_M-NONE_VL-None_TR-None_G-NONE_P-NONE_S-NONE,3881 - CHUB Boomer Daughter & 3893 CHUB Boomer Mom || Enhancements: OFF || CBV1 || 7C || 16/03/25w12,,$19,913,2025-03-14,2025-03-20,6
223,CB_2024_Sep_FB_3175_DA-KB_V03_1x1_IMG_EN_New_C-ADVRT_Evergreen_CTA-NONE_Angle-W_M-NONE_VL-None_G-NONE_P-CBV2_S-NONE_blog_colonbroomvsmammoth_cv_en,CBV2 || A/B test CTA button: Control || CBV2 vs Happy Mammoth || 7C || 13/03/25,,$19,518,2025-03-13,2025-03-26,13
224,CB_2023_Apr_FB_1989_RS_V08_9x16_VID_EN_Opti_C-Trend_CTA-SMR_Pain-W_M-MIX_VL-30s_TR-None_G-MF_P-None FB1933V05,US || CBV2 || V1 vs V2 || V1 - ORIGINAL || 2ND TRY || 7C || 17/03/25,,$19,832,2025-03-17,2025-03-24,7
225,CB_2025_Mar_FB_3897_SO_V04_1x1_IMG_EN_New_C-NONE_Evergreen_CTA-NONE_Angle-W-B-C_M-NONE_VL-None_G-NONE_P-OG_S-NONE,3897 - #5 Blue-collar || Enhancements: OFF || CBV1 || Batch 1-2 || 7C || 16/03/25w12,,$19,"1,160",2025-03-14,2025-03-20,6
226,CB_2025_Feb_FB_3860_LZ-DP_V02_9x16_VID_EN_Opti_C-Testimonial_Evergreen_CTA-SALE_Angle-W_M-MOOD_VL-20s_G-M_P-OG_S-WOOD_FB21176V11_1,3860 - man boobs video 2176 opti || Enhancements: OFF || CBV1 || Batch 1 || 7C || 03/03/25w10 || Valentinas,VIDEO,$19,"1,170",2025-03-03,2025-03-27,24
227,CB_2025_Mar_FB_3906_SO-JT_V03_1x1_IMG_EN_New_C-NONE_Evergreen_CTA-NONE_Angle-W-B-C_M-NONE_VL-None_G-NONE_P-OG_S-NONE,3906 - CB V1 SUMMER BOD || Enhancements: OFF || CBV1 || Batch 1 || 7C || 16/03/25w12,,$18,766,2025-03-14,2025-03-20,6
228,CB_2025_Mar_FB_3881_CHUB-AS_V02_9x16_VID_EN_New_C-NONE_CTA-NONE_Angle-None_M-NONE_VL-None_TR-None_G-NONE_P-NONE_S-NONE,3881 - CHUB Boomer Daughter & 3893 CHUB Boomer Mom || Enhancements: OFF || CBV1 || 7C || 16/03/25w12,,$18,886,2025-03-14,2025-03-20,6
229,CB_2023_Jul_FB_2226_MB_V04_9x16_VID_EN_Opti_C-Testim_CTA-SMR_Pain-W_M-MIX_VL-30s_TR-None_G-F_P-None_S-Starry,US || Manual Bid || BFCM || COST CAP 71 || 1C || 15/11/24,VIDEO,$18,463,2024-11-15,2025-03-27,132
230,CB_2025_Mar_FB_3906_SO-JT_V04_1x1_IMG_EN_New_C-NONE_Evergreen_CTA-NONE_Angle-W-B-C_M-NONE_VL-None_G-NONE_P-OG_S-NONE,3906 - CB V1 SUMMER BOD || Enhancements: OFF || CBV1 || Batch 1 || 7C || 16/03/25w12,,$18,763,2025-03-14,2025-03-20,6
231,CB_2025_Feb_FB_3818_LZ-VU_V18_1x1_IMG_EN_Opti_C-Headline_Evergreen_CTA-NONE_Angle-Cort_M-NONE_VL-None_G-NONE_P-NONE_S-NONE_FB3251V01,üå∂Ô∏è || US || ASC+ || ->CC141 || VIDEO Only || US+CA || 0% EXISTING CAP || 7C || 07/08.24  Ad set,,$18,743,2025-03-20,2025-03-21,1
232,CB_2025_Mar_FB_3907_CHUB-AA_V04__IMG_EN_Opti_C-Price_CTA-NONE_Angle-None_M-NONE_VL-None_TR-None_G-NONE_P-OG_S-NONE,3907 ‚Äì CHUB Clean Sale OPTI v2 || Enhancements: OFF || CBV1 || Batch 1 || 7C || 16/03/25w12,,$17,883,2025-03-16,2025-03-27,11
233,CB_2025_Mar_FB_3910_LZ-JG_V03_9x16_VID_EN_Opti_C-BulletPoints_Evergreen_CTA-NONE_Angle-W_M-MAN_VL-15s_G-M_P-TRIAL_S-WHAT_FB3097V03.mp4,US || Free trial offer || Trial ads || IC || 7C || 21/03/25,,$17,574,2025-03-21,2025-03-23,2
234,CB_2025_Mar_FB_3910_LZ-DP_V02_1x1_IMG_EN_Opti_C-NegativeMark_Evergreen_CTA-NONE_Angle-W_M-NONE_VL-None_G-NONE_P-TRIAL_S-NONE_FB2227V08.png,US || Free trial offer || Trial ads || Trial purchase || 7C || 19/03/25,,$16,642,2025-03-19,2025-03-27,8
235,CB_2025_Jan_FB_3747_CHUB-AA_V01_4x5_IMG_EN_Opti_C-NONE_CTA-NONE_Angle-Sale_M-NONE_VL-None_TR-None_G-NONE_P-OG_S-NONE,3747 Clean Sale [HB winner ITR] CHUB || Enhancements: OFF || CBV1 || Batch ƒÖ || 1C || 02/02/25w06 || Kostas,SHARE,$16,"1,417",2025-02-02,2025-03-27,53
236,CB_2025_Jan_FB_3762_LZ_V04_4x5_IMG_EN_Opti_C-NegativeMark_Evergreen_CTA-NONE_Angle-W_M-NONE_VL-None_G-NONE_P-GLP1_S-NONE_FB3251V01.png,3762 - Notion Idea #123 it's not cheap GLP1 || Enhancements: OFF || GLP-1 || Batch 1 || 7C || 20/02/25w09 || Valentinas,SHARE,$16,655,2025-02-24,2025-03-18,22
237,CB_2025_Feb_FB_3874_CHUB-KZ_V01_1x1_IMG_EN_New_C-NONE_CTA-NONE_Angle-W_M-NONE_VL-None_TR-None_G-NONE_P-NONE_S-NONE_blog_biohacking_cv_en,CBV1 || LP:HI | 3874 Advertorial Biohacking || Biohack for 40+ Women || Batch 1 || 17/07/25,,$16,331,2025-03-17,2025-03-25,8
238,CB_2025_Feb_FB_3589_CHUB-KZ_V02_1x1_IMG_EN_New_C-NONE_CTA-NONE_Angle-None_M-NONE_VL-None_TR-None_G-NONE_P-NONE_S-NONE_blog_menopausesolutionnew_cv_en,CBV1 || LP:HI | 3859 - Blog_HormonalReset CHUB || The Little Known ‚ÄúHormonal Reset‚Äù || Batch 1 || 17/03/25,,$16,247,2025-03-17,2025-03-21,4
239,CB_2025_Feb_FB_3874_CHUB-KZ_V06_1x1_IMG_EN_New_C-NONE_CTA-NONE_Angle-W_M-NONE_VL-None_TR-None_G-NONE_P-NONE_S-NONE_blog_biohacking_cv_en,CBV1 || LP:HI | 3874 Advertorial Biohacking || Biohack for 40+ Women || Batch 2 || 17/07/25,,$15,253,2025-03-17,2025-03-21,4
240,CB_2024_Jan_FB_2762_IK_V04_1x1_IMG_EN_New_C-WrittenTesti_CTA-CTA_Pain-W-B-C_M-NONE_VL-None_TR-None_G-NONE_P-V2_S-NONE,CBV2 || AU || üí∞ Advantage+ || US || BROAD || 7C || Existing_customer_5% || 19/12/24 Ad set,SHARE,$15,595,2024-12-19,2025-03-27,98
241,CB_2024_Sep_FB_3175_DA-KB_V03_1x1_IMG_EN_New_C-ADVRT_Evergreen_CTA-NONE_Angle-W_M-NONE_VL-None_G-NONE_P-CBV2_S-NONE_blog_colonbroomvsmammothhighprice3_cv_en,CBV2 || A/B test CTA button: Variaton || CBV2 vs Happy Mammoth || 7C || 13/03/25,,$14,550,2025-03-13,2025-03-26,13
242,CB_2024_Sep_FB_3175_DA-KB_V04_1x1_IMG_EN_New_C-ADVRT_Evergreen_CTA-NONE_Angle-W_M-NONE_VL-None_G-NONE_P-CBV2_S-NONE_blog_colonbroomvsmammoth_cv_en,CB || ASC+ || SCALE || US || 0% EXISTING CAP || BROAD || 7C1EV || 20/03/25 Ad set,,$14,499,2025-03-20,2025-03-22,2
243,CB_2025_Jan_FB_3747_CHUB-AA_V04_9x16_IMG_EN_Opti_C-NONE_CTA-NONE_Angle-Sale_M-NONE_VL-None_TR-None_G-NONE_P-OG_S-NONE,3747 Clean Sale [HB winner ITR] CHUB || Enhancements: OFF || CBV1 || Batch ƒÖ || 1C || 02/02/25w06 || Kostas,SHARE,$13,"1,097",2025-02-02,2025-03-27,53
244,CB_2024_Oct_FB_3214_DT-KB_V01_1x1_IMG_EN_New_C-ADVRT_Evergreen_CTA-NONE_Angle-W_M-NONE_VL-None_G-NONE_P-OG_S-NONE,CA || Advantage+ || Advertorial || 7C ||  BROAD || Existing_customer_0% || 20/03/25 Ad set,SHARE,$13,807,2025-03-20,2025-03-27,7
245,CB_2025_Mar_FB_3897_SO_V01_1x1_IMG_EN_New_C-NONE_Evergreen_CTA-NONE_Angle-W-B-C_M-NONE_VL-None_G-NONE_P-OG_S-NONE,3897 - #5 Blue-collar || Enhancements: OFF || CBV1 || Batch 1-2 || 7C || 16/03/25w12,,$13,739,2025-03-14,2025-03-20,6
246,CB_2023_Apr_FB_1989_RS_V08_9x16_VID_EN_Opti_C-Trend_CTA-SMR_Pain-W_M-MIX_VL-30s_TR-None_G-MF_P-None,WC || CA || KILO LEADS || 7C || BROAD || 19.03.2025,VIDEO,$12,418,2025-03-19,2025-03-23,4
247,CB_2024_Sep_FB_3175_DA-KB_V01_1x1_IMG_EN_New_C-ADVRT_Evergreen_CTA-NONE_Angle-W_M-NONE_VL-None_G-NONE_P-CBV2_S-NONE_blog_colonbroomvsmammoth_cv_en,LATAM || CBV2 || Advantage+ || Advertorial || Higher pricing || 0% EXISTING CAP || BROAD || 7C || 22/03/25 Ad set,,$12,993,2025-03-22,2025-03-23,1
248,CB_2025_Mar_FB_3904_DT_V04_9x16_VID_EN_New_C-Trend_Evergreen_CTA-NONE_Angle-W_M-MIX_VL-30s_G-MF_P-OG_S-New,3906 - CB V1 SUMMER BOD || Enhancements: OFF || CBV1 || Batch 1 || 7C || 16/03/25w12,,$12,610,2025-03-14,2025-03-20,6
249,CB_2025_Mar_FB_3910_LZ-DP_V01_1x1_IMG_EN_Opti_C-Headline_Evergreen_CTA-NONE_Angle-W_M-NONE_VL-None_G-NONE_P-TRIAL_S-NONE_FB3251V02.png,US || Free trial offer || Trial ads || ATC || 7C || 16/03/25,,$11,685,2025-03-16,2025-03-27,11
250,CB_2025_Feb_FB_3874_CHUB-KZ_V02_1x1_IMG_EN_New_C-NONE_CTA-NONE_Angle-W_M-NONE_VL-None_TR-None_G-NONE_P-NONE_S-NONE_blog_biohacking_cv_en,CBV1 || LP:HI | 3874 Advertorial Biohacking || Biohack for 40+ Women || Batch 1 || 17/07/25,,$11,209,2025-03-17,2025-03-25,8
251,CB_2025_Mar_FB_3884_SO_V09_9x16_IMG_EN_New_C-NONE_Evergreen_CTA-NONE_Angle-W-B-C_M-Nate_VL-15s_G-MF_P-OG_S-NEW,3884 - Body Shaming Angle || Enhancements: OFF || CBV1 || Batch 3 || 7C || 10/03/25w11,,$11,479,2025-03-10,2025-03-20,10
252,CB_2025_Mar_FB_3884_SO_V13_9x16_IMG_EN_New_C-NONE_Evergreen_CTA-NONE_Angle-W-B-C_M-Nate_VL-15s_G-M_P-OG_S-NEW,3884 - Body Shaming Angle || Enhancements: OFF || CBV1 || Batch 4 || 7C || 10/03/25w11,,$11,486,2025-03-10,2025-03-20,10
253,CB_2025_Jan_FB_3779_VK-DP_V01_1x1_VID_EN_Opti_C-BulletPoints_Evergreen_CTA-70_Angle-W-B-C_M-NONE_VL-None_G-F_P-OG_S-NEW_FB3705V02,3779 - opti 3705 || Enhancements: OFF || CBV1 || Batch 1 || 1C || 04/02/25w06 || Kostas,SHARE,$11,726,2025-02-04,2025-03-20,44
254,CB_2025_Mar_FB_3896_LZ_V04_1x1_IMG_EN_New_C-Headline_Evergreen_CTA-NONE_Angle-W_M-NONE_VL-None_G-M_P-OG_S-NONE,3896 - grill party img|| Enhancements: OFF || CBV1 || Batch 1 || 7C || 10/03/25w11,,$10,514,2025-03-10,2025-03-23,13
255,CB_2025_Mar_FB_3897_SO_V05_1x1_IMG_EN_New_C-NONE_Evergreen_CTA-NONE_Angle-W-B-C_M-NONE_VL-None_G-NONE_P-OG_S-NONE,3897 - #5 Blue-collar || Enhancements: OFF || CBV1 || Batch 1-2 || 7C || 16/03/25w12,,$10,490,2025-03-14,2025-03-20,6
256,CB_2023_Oct_FB_2516_VK_V13_9x16_VID_EN_Opti_C-Benefits_CTA-AUTUM_Pain-W-B_M-PASQ_VL-30s_TR-None_G-M_P-Plan_S-WHAT - Copy,CB || ASC+ || SCALE || US || 0% EXISTING CAP || BROAD || 7C1EV || 20/03/25 Ad set,,$9,334,2025-03-20,2025-03-22,2
257,CB_2025_Jan_FB_3739_DT_V04_4x5_VID_EN_Opti_C-Dance_Sale_CTA-70_Angle-W_M-MIX_VL-45s_G-MF_P-GLP1_S-STARRY_FB1998V03,GLP-1 üíú || ASC+ || US || 5% EXISTING CAP || 7C || 20/02/25 . Ad set,SHARE,$9,328,2025-02-24,2025-03-18,22
258,CB_2025_Mar_FB_3896_LZ_V01_1x1_IMG_EN_New_C-Headline_Evergreen_CTA-NONE_Angle-W_M-NONE_VL-None_G-M_P-OG_S-NONE,3896 - grill party img|| Enhancements: OFF || CBV1 || Batch 1 || 7C || 10/03/25w11,,$9,503,2025-03-10,2025-03-23,13
259,CB_2025_Feb_FB_3868_VK-DP_V04_9x16_VID_EN_New_C-BulletPoints_Evergreen_CTA-NONE_Angle-W-B-C_M-NONE_VL-15s_G-M_P-OG_S-NEW.mp4,3868 - What i ordered for dad bod || Enhancements: OFF || CBV1 || Batch 1 || 7C || 03/03/25w10 || Valentinas,VIDEO,$9,160,2025-03-03,2025-03-20,17
260,CB_2025_Mar_FB_3893_CHUB-AS_V04_9x16_VID_EN_New_C-NONE_CTA-NONE_Angle-None_M-NONE_VL-None_TR-None_G-NONE_P-NONE_S-NONE,3881 - CHUB Boomer Daughter & 3893 CHUB Boomer Mom || Enhancements: OFF || CBV1 || 7C || 16/03/25w12,,$9,275,2025-03-14,2025-03-20,6
261,CB_2025_Mar_FB_3881_CHUB-AS_V05_9x16_VID_EN_New_C-NONE_CTA-NONE_Angle-None_M-NONE_VL-None_TR-None_G-NONE_P-NONE_S-NONE,3881 - CHUB Boomer Daughter & 3893 CHUB Boomer Mom || Enhancements: OFF || CBV1 || 7C || 16/03/25w12,,$9,347,2025-03-14,2025-03-20,6
262,CB_2025_Feb_FB_3883_LZ-RP_V06_9x16_VID_EN_Opti_C-MakingOf_Evergreen_CTA-SALE_Angle-W_M-CRAZY_VL-45s_G-M_P-OG_S-NEW_FB3004V02,3883 - Wiiner opti man boobs t levels || Enhancements: OFF || CBV1 || Batch 1 || 7C || 10/03/25w11,,$8,382,2025-03-10,2025-03-20,10
263,CB_2024_Sep_FB_3175_DA-KB_V02_1x1_IMG_EN_New_C-ADVRT_Evergreen_CTA-NONE_Angle-W_M-NONE_VL-None_G-NONE_P-CBV2_S-NONE_blog_colonbroomvsmammoth_cv_en,LATAM || CBV2 || Advantage+ || Advertorial || Higher pricing || 0% EXISTING CAP || BROAD || 7C || 22/03/25 Ad set,,$8,775,2025-03-22,2025-03-23,1
264,CB_2025_Feb_FB_3827_LZ_V04_1x1_IMG_EN_Opti_C-Headline_Evergreen_CTA-SALE_Angle-W_M-NONE_VL-None_G-M_P-CBV2_S-NONE_FB3779V02,US || CBV2 || V1 vs V2 || V2 - PREMIUM || 7C || 15/03/25,,$8,313,2025-03-15,2025-03-18,3
265,CB_2023_Jul_FB_2217_IB_V04_9x16_VID_EN_Opti_C-Pointing_CTA-SMR_Pain-W-B_M-TRC_VL-30s_TR-None_G-F_P-None_S-FRIGGA,US || Manual Bid || BID CAP 111 || 1C || 21/12/24,VIDEO,$8,285,2024-12-22,2025-03-24,92
266,CB_2024_Dec_FB_3622_LZ-KB_V03_4x5_IMG_EN_Opti_C-NONE_Sale_CTA-XMAS_Angle-GH_M-NONE_VL-None_G-NONE_P-OG_S-NONE_FB2227V08 - Copy,US || Manual Bid || BID CAP 111 || 1C || 21/12/24,SHARE,$7,318,2024-12-22,2025-03-26,94
267,CB_2025_Mar_FB_3890_DT_V03_1x1_IMG_EN_New_C-NONE_Evergreen_CTA-None_Angle-W_M-NONE_VL-None_G-NONE_P-OG_S-NONE,3890 - Your Peak Performance in 6 weeks || Enhancements: OFF || CBV1 || Batch 1 || 7C || 10/03/25w11,,$7,453,2025-03-12,2025-03-26,14
268,CB_2025_Jan_FB_3762_LZ_V03_4x5_IMG_EN_Opti_C-NegativeMark_Evergreen_CTA-NONE_Angle-CR_M-NONE_VL-None_G-NONE_P-GLP1_S-NONE_FB3251V01.png,3762 - Notion Idea #123 it's not cheap GLP1 || Enhancements: OFF || GLP-1 || Batch 1 || 7C || 20/02/25w09 || Valentinas,SHARE,$7,228,2025-02-24,2025-03-17,21
269,CB_2025_FEB_FB_3666_VK-JT_V03_4x5_VID_EN_NEW_C-BulletPoints_Sale_CTA-NY_Angle-W-B-C_M-TRC_VL-30s_G-F_P-OG_S-NEW,üå∂Ô∏è || US || ASC+ || ->CC141 || VIDEO Only || US+CA || 0% EXISTING CAP || 7C || 07/08.24  Ad set,VIDEO,$7,302,2025-01-20,2025-03-19,58
270,CB_2025_Feb_FB_3803_CHUB_V10_1x1_IMG_EN_New_C-NONE_CTA-NONE_Angle-None_M-NONE_VL-None_TR-None_G-NONE_P-NONE_S-NONE_blog_cbglp1_cv_en,Attribution Test - Standard URL || GLP-1 || LP:HI | 3803 Advertorials CHUB || Natural GLP-1 Enhancer Takes Its Place || Batch 3 || 12/07/25,,$7,124,2025-03-13,2025-03-18,5
271,CB_2025_Mar_FB_3897_SO_V02_1x1_IMG_EN_New_C-NONE_Evergreen_CTA-NONE_Angle-W-B-C_M-NONE_VL-None_G-NONE_P-OG_S-NONE,3897 - #5 Blue-collar || Enhancements: OFF || CBV1 || Batch 1-2 || 7C || 16/03/25w12,,$6,344,2025-03-14,2025-03-20,6
272,CB_2024_Oct_FB_3214_DT-KB_V07_1x1_IMG_EN_New_C-ADVRT_Evergreen_CTA-NONE_Angle-W_M-NONE_VL-None_G-NONE_P-OG_S-NONE,CA || Advantage+ || Advertorial || 7C ||  BROAD || Existing_customer_0% || 20/03/25 Ad set,SHARE,$6,324,2025-03-20,2025-03-27,7
273,CB_2024_Oct_FB_3214_DT-KB_V05_1x1_IMG_EN_New_C-ADVRT_Evergreen_CTA-NONE_Angle-W_M-NONE_VL-None_G-NONE_P-OG_S-NONE,CA || Advantage+ || Advertorial || 7C ||  BROAD || Existing_customer_0% || 20/03/25 Ad set,SHARE,$6,399,2025-03-20,2025-03-27,7
274,CB_2025_Mar_FB_3893_CHUB-AS_V05_9x16_VID_EN_New_C-NONE_CTA-NONE_Angle-None_M-NONE_VL-None_TR-None_G-NONE_P-NONE_S-NONE,3881 - CHUB Boomer Daughter & 3893 CHUB Boomer Mom || Enhancements: OFF || CBV1 || 7C || 16/03/25w12,,$6,278,2025-03-14,2025-03-20,6
275,CB_2025_Feb_FB_3589_CHUB-KZ_V01_1x1_IMG_EN_New_C-NONE_CTA-NONE_Angle-None_M-NONE_VL-None_TR-None_G-NONE_P-NONE_S-NONE_blog_menopausesolutionnew_cv_en,CBV1 || LP:HI | 3859 - Blog_HormonalReset CHUB || The Little Known ‚ÄúHormonal Reset‚Äù || Batch 1 || 17/03/25,,$6,166,2025-03-17,2025-03-21,4
276,CB_2025_Feb_FB_3863_DT-DP_V01_9x16_VID_EN_New_C-Trend_Sale_CTA-70_Angle-W_M-POW_VL-30s_G-M_P-OG_S-NEW,3863 - Aaron man boobs vid || Enhancements: OFF || CBV1 || Batch 1 || 7C || 26/02/25w09 || Valentinas,VIDEO,$6,226,2025-02-26,2025-03-23,25
277,CB_2025_Jan_FB_3748_VK-DP_V01_4x5_IMG_EN_New_C-BulletPoints_Sale_CTA-NY_Angle-W-B-C_M-NONE_VL-None_G-M_P-OG_S-NONE.png - Copy,3748 - winner ads opti - GLP1 - VK-DP || Enhancements: OFF || GLP-1 || Batch 1 || 7C || 20/02/25w09 || Valentinas,SHARE,$5,178,2025-02-24,2025-03-17,21
278,CB_2025_Feb_FB_3874_CHUB-AA_V12_1x1_IMG_EN_New_C-NONE_CTA-NONE_Angle-W_M-NONE_VL-None_TR-None_G-NONE_P-NONE_S-NONE_blog_biohacking_cv_en,CBV1 || LP:HI | 3874 Advertorial Biohacking || Biohack for 40+ Women || Batch 3 || 17/07/25,,$5,76,2025-03-17,2025-03-24,7
279,CB_2024_Aug_FB_3097_VK-DP_V03_9x16_VID_EN_Opti_C-Benefits_CTA-SMR_Pain-W-B_M-MIX_VL-45s_TR-None_G-MF_P-OG_S-WHAT_FB2516V13,US || V1 vs V2 || V1 - ORIGINAL || 7C || 15/03/25,,$5,243,2025-03-15,2025-03-18,3
280,CB_2025_Mar_FB_3879_VK-DP_V03_9x16_VID_EN_New_C-BulletPoints_Evergreen_CTA-65_Angle-W-B-C_M-NONE_VL-30s_G-M_P-OG_S-NEW,3879 - Gut health for muscles || Enhancements: OFF || CBV1 || Batch 1 || 7C || 10/03/25w11,,$5,174,2025-03-10,2025-03-20,10
281,CB_2025_Jan_FB_3739_DT_V05_4x5_VID_EN_Opti_C-BulletPoints_Sale_CTA-70_Angle-W-B_M-MIX_VL-45s_G-MF_P-GLP1_S-WHAT_FB3164V03,GLP-1 üíú || ASC+ || US || 5% EXISTING CAP || 7C || 20/02/25 . Ad set,SHARE,$5,249,2025-02-24,2025-03-18,22
282,CB_2025_Mar_FB_3884_SO_V10_9x16_IMG_EN_New_C-NONE_Evergreen_CTA-NONE_Angle-W-B-C_M-Nate_VL-15s_G-MF_P-OG_S-NEW,3884 - Body Shaming Angle || Enhancements: OFF || CBV1 || Batch 3 || 7C || 10/03/25w11,,$5,192,2025-03-10,2025-03-20,10
283,CB_2025_Mar_FB_3911_DT_V03_9x16_VID_EN_Opti_C-SingleTesti_Sale_CTA-Patrick_Angle-W_M-TRC_VL-45s_G-F_P-OG_S-MOON_FB2764V04,EU (UK) || 3911 - St. Patrick day opti || 7C || 16/03/2025w11,VIDEO,$5,189,2025-03-16,2025-03-18,2
284,CB_2025_Feb_FB_3818_LZ-VU_V16_1x1_IMG_EN_Opti_C-Headline_Evergreen_CTA-NONE_Angle-Cort_M-NONE_VL-None_G-NONE_P-NONE_S-NONE_FB3251V01,3818 - It's not cheap Months+holidays || May || Enhancements: OFF || CBV1 || 7C || 17/03/25w12,,$5,215,2025-03-17,2025-03-27,10
285,CB_2025_Jan_FB_3747_CHUB-AA_V02_9x16_IMG_EN_Opti_C-NONE_CTA-NONE_Angle-Sale_M-NONE_VL-None_TR-None_G-NONE_P-OG_S-NONE,3747 Clean Sale [HB winner ITR] CHUB || Enhancements: OFF || CBV1 || Batch ƒÖ || 1C || 02/02/25w06 || Kostas,SHARE,$5,484,2025-02-02,2025-03-27,53
286,CB_2025_Mar_FB_3893_CHUB-AS_V02_9x16_VID_EN_New_C-NONE_CTA-NONE_Angle-None_M-NONE_VL-None_TR-None_G-NONE_P-NONE_S-NONE,3881 - CHUB Boomer Daughter & 3893 CHUB Boomer Mom || Enhancements: OFF || CBV1 || 7C || 16/03/25w12,,$4,216,2025-03-14,2025-03-20,6
287,CB_2025_Feb_FB_3818_LZ-VU_V17_1x1_IMG_EN_Opti_C-Headline_Evergreen_CTA-NONE_Angle-Cort_M-NONE_VL-None_G-NONE_P-NONE_S-NONE_FB3251V01,3818 - It's not cheap Months+holidays || May || Enhancements: OFF || CBV1 || 7C || 17/03/25w12,,$4,254,2025-03-17,2025-03-27,10
288,CB_2025_Feb_FB_3803_CHUB_V09_1x1_IMG_EN_New_C-NONE_CTA-NONE_Angle-None_M-NONE_VL-None_TR-None_G-NONE_P-NONE_S-NONE_blog_cbglp1_cv_en,Attribution Test - NB UTM - URL || GLP-1 || LP:HI | 3803 Advertorials CHUB || Natural GLP-1 Enhancer Takes Its Place || Batch 3 || 12/07/25,,$4,58,2025-03-12,2025-03-18,6
289,CB_2025_Feb_FB_3874_CHUB-KZ_V03_1x1_IMG_EN_New_C-NONE_CTA-NONE_Angle-W_M-NONE_VL-None_TR-None_G-NONE_P-NONE_S-NONE_blog_biohacking_cv_en,CBV1 || LP:HI | 3874 Advertorial Biohacking || Biohack for 40+ Women || Batch 1 || 17/07/25,,$4,94,2025-03-17,2025-03-25,8
290,CB_2025_Mar_FB_3891_VK_V07_1x1_IMG_EN_New_C-BulletPoints_Evergreen_CTA-65_Angle-W-B-C_M-NONE_VL-None_G-M_P-OG_S-NONE,3891 - LOW T LEVELS - VK || Enhancements: OFF || CBV1 || Batch 2 || 7C || 10/03/25w11,,$4,202,2025-03-11,2025-03-27,16
291,CB_2025_Mar_FB_3904_DT_V03_9x16_VID_EN_New_C-Trend_Evergreen_CTA-NONE_Angle-W_M-MIX_VL-30s_G-MF_P-OG_S-New,3904 - Notion / I thought my man was cheating on me || Enhancements: OFF || CBV1 || Batch 1 || 7C || 16/03/25w12,,$4,129,2025-03-14,2025-03-27,13
292,CB_2024_Oct_FB_3214_DT-KB_V02_1x1_IMG_EN_New_C-ADVRT_Evergreen_CTA-NONE_Angle-W_M-NONE_VL-None_G-NONE_P-OG_S-NONE,CA || Advantage+ || Advertorial || 7C ||  BROAD || Existing_customer_0% || 20/03/25 Ad set,SHARE,$4,317,2025-03-20,2025-03-27,7
293,CB_2025_Feb_FB_3589_CHUB-KZ_V08_9x16_VID_EN_New_C-NONE_CTA-NONE_Angle-None_M-NONE_VL-None_TR-None_G-NONE_P-NONE_S-NONE_blog_menopausesolutionnew_cv_en,CBV1 || LP:HI | 3859 - Blog_HormonalReset CHUB || The Little Known ‚ÄúHormonal Reset‚Äù || Batch 2 || 17/03/25,,$4,97,2025-03-17,2025-03-21,4
294,CB_2025_Mar_FB_3879_VK-DP_V04_9x16_VID_EN_New_C-BulletPoints_Evergreen_CTA-65_Angle-W-B-C_M-NONE_VL-30s_G-M_P-OG_S-NEW,3879 - Gut health for muscles || Enhancements: OFF || CBV1 || Batch 1 || 7C || 10/03/25w11,,$4,158,2025-03-10,2025-03-20,10
295,CB_2025_Mar_FB_3906_SO-JT_V02_1x1_IMG_EN_New_C-NONE_Evergreen_CTA-NONE_Angle-W-B-C_M-NONE_VL-None_G-NONE_P-OG_S-NONE,3906 - CB V1 SUMMER BOD || Enhancements: OFF || CBV1 || Batch 1 || 7C || 16/03/25w12,,$4,148,2025-03-14,2025-03-20,6
296,CB_2025_Mar_FB_3891_VK_V05_1x1_IMG_EN_New_C-BulletPoints_Evergreen_CTA-65_Angle-W-B-C_M-NONE_VL-None_G-M_P-OG_S-NONE,WC || CA || KILO LEADS || 7C || BROAD || 19.03.2025,SHARE,$3,151,2025-03-19,2025-03-23,4
297,CB_2025_Mar_FB_3890_DT_V01_1x1_IMG_EN_New_C-NONE_Evergreen_CTA-None_Angle-W_M-NONE_VL-None_G-NONE_P-OG_S-NONE,3890 - Your Peak Performance in 6 weeks || Enhancements: OFF || CBV1 || Batch 1 || 7C || 10/03/25w11,,$3,196,2025-03-12,2025-03-26,14
298,CB_2025_Feb_FB_3818_LZ-VU_V05_1x1_IMG_EN_Opti_C-Headline_Evergreen_CTA-NONE_Angle-Cort_M-NONE_VL-None_G-NONE_P-NONE_S-NONE_FB3251V01,3818 - It's not cheap Months+holidays || May || Enhancements: OFF || CBV1 || 7C || 17/03/25w12,,$3,160,2025-03-17,2025-03-27,10
299,CB_2025_Mar_FB_3910_LZ-JG_V04_9x16_VID_EN_Opti_C-Testimonial_Evergreen_CTA-NONE_Angle-W_M-TRC_VL-15s_G-F_P-TRIAL_S-FRIGGA_FB2217V04.mp4,US || Free trial offer || Trial ads || 7C || 15/03/25,,$3,175,2025-03-15,2025-03-17,2
300,CB_2023_Jul_FB_2217_IB_V04_9x16_VID_EN_Opti_C-Pointing_CTA-SMR_Pain-W-B_M-TRC_VL-30s_TR-None_G-F_P-None_S-FRIGGA,US || Manual Bid || BID CAP 105 || 1C || 21/12/24,VIDEO,$3,98,2024-12-22,2025-03-27,95
301,CB_2025_Feb_FB_3860_LZ-DP_V01_9x16_VID_EN_Opti_C-Testimonial_Evergreen_CTA-SALE_Angle-W_M-MOOD_VL-20s_G-M_P-OG_S-WOOD_FB21176V11_1,3860 - man boobs video 2176 opti || Enhancements: OFF || CBV1 || Batch 1 || 7C || 03/03/25w10 || Valentinas,VIDEO,$3,216,2025-03-03,2025-03-27,24
302,CB_2025_Mar_FB_3893_CHUB-AS_V03_9x16_VID_EN_New_C-NONE_CTA-NONE_Angle-None_M-NONE_VL-None_TR-None_G-NONE_P-NONE_S-NONE,3881 - CHUB Boomer Daughter & 3893 CHUB Boomer Mom || Enhancements: OFF || CBV1 || 7C || 16/03/25w12,,$3,107,2025-03-14,2025-03-20,6
303,CB_2023_Jul_FB_2217_IB_V04_9x16_VID_EN_Opti_C-Pointing_CTA-SMR_Pain-W-B_M-TRC_VL-30s_TR-None_G-F_P-None_S-FRIGGA,US || V1 vs V2 || V1 - ORIGINAL || 7C || 15/03/25,,$2,105,2025-03-15,2025-03-18,3
304,CB_2023_Sep_FB_2429_DT_V03_9x16_VID_EN_Opti_C-Sale_CTA-CTA_Pain-W_M-MIX_VL-45s_TR-None_G-MF_P-V2_S-WHAT,US || CBV2 || V1 vs V2 || V2 - PREMIUM || 7C || 15/03/25,,$2,102,2025-03-15,2025-03-18,3
305,CB_2024_Mar_FB_2883_DA_V08_9x16_VID_ES_Opti_C-SingleTesti_CTA-SALE_Pain-W-B_M-TRC_VL-45s_TR-None_G-F_P-OG_S-MOON_FB2764V04,LATAM üá™üá∏ || CBV2 || Advantage+ || 0% EXISTING CAP || BROAD || 7C || 22/03/25 Campaign Ad set,,$2,134,2025-03-22,2025-03-27,5
306,CB_2025_Feb_FB_3589_CHUB-KZ_V03_1x1_IMG_EN_New_C-NONE_CTA-NONE_Angle-None_M-NONE_VL-None_TR-None_G-NONE_P-NONE_S-NONE_blog_menopausesolutionnew_cv_en,CBV1 || LP:HI | 3859 - Blog_HormonalReset CHUB || The Little Known ‚ÄúHormonal Reset‚Äù || Batch 1 || 17/03/25,,$2,32,2025-03-17,2025-03-21,4
307,CB_2025_Jan_FB_3757_LZ-DP_V19_9x16_VID_EN_Opti_C-BulletPoints_Evergreen_CTA-NONE_Angle-W-B_M-MAG_VL-30s_G-F_P-GLP1_S-WHAT_FB3311V17.mp4,3757 - GLP1 video winner opti Batch 3+4 || Enhancements: OFF || GLP-1 || Batch 4 || 7C || 24/02/25w09 || Valentinas,VIDEO,$2,95,2025-02-24,2025-03-18,22
308,CB_2023_Jul_FB_2217_IB_V04_9x16_VID_EN_Opti_C-Pointing_CTA-SMR_Pain-W-B_M-TRC_VL-30s_TR-None_G-F_P-None_S-FRIGGA,WC || CA || KILO LEADS || 7C || BROAD || 19.03.2025,VIDEO,$2,43,2025-03-19,2025-03-22,3
309,CB_2025_Jan_FB_3762_LZ_V01_4x5_IMG_EN_Opti_C-NegativeMark_Evergreen_CTA-NONE_Angle-Cort_M-NONE_VL-None_G-NONE_P-GLP1_S-NONE_FB3251V01.png,3762 - Notion Idea #123 it's not cheap GLP1 || Enhancements: OFF || GLP-1 || Batch 1 || 7C || 20/02/25w09 || Valentinas,SHARE,$2,100,2025-02-24,2025-03-18,22
310,CB_2025_Feb_FB_3874_CHUB-AA_V10_1x1_IMG_EN_New_C-NONE_CTA-NONE_Angle-W_M-NONE_VL-None_TR-None_G-NONE_P-NONE_S-NONE_blog_biohacking_cv_en,CBV1 || LP:HI | 3874 Advertorial Biohacking || Biohack for 40+ Women || Batch 3 || 17/07/25,,$2,41,2025-03-17,2025-03-22,5
311,CB_2025_Feb_FB_3803_CHUB_V09_1x1_IMG_EN_New_C-NONE_CTA-NONE_Angle-None_M-NONE_VL-None_TR-None_G-NONE_P-NONE_S-NONE_blog_cbglp1_cv_en,Attribution Test - Standard URL || GLP-1 || LP:HI | 3803 Advertorials CHUB || Natural GLP-1 Enhancer Takes Its Place || Batch 3 || 12/07/25,,$2,35,2025-03-12,2025-03-18,6
312,CB_2025_Feb_FB_3868_VK-DP_V01_9x16_VID_EN_New_C-BulletPoints_Evergreen_CTA-NONE_Angle-W-B-C_M-NONE_VL-15s_G-M_P-OG_S-NEW,3868 - What i ordered for dad bod || Enhancements: OFF || CBV1 || Batch 1 || 7C || 03/03/25w10 || Valentinas,VIDEO,$2,86,2025-03-03,2025-03-20,17
313,CB_2025_Mar_FB_3879_VK-DP_V02_9x16_VID_EN_New_C-BulletPoints_Evergreen_CTA-65_Angle-W-B-C_M-NONE_VL-30s_G-M_P-OG_S-NEW,3879 - Gut health for muscles || Enhancements: OFF || CBV1 || Batch 1 || 7C || 10/03/25w11,,$1,41,2025-03-10,2025-03-19,9
314,CB_2022_Mar3_FB_713_IK_V04_1x1_IMG_EN_Opti_C-WrittenTesti_HE-98_A-ExtremeBodyVisualization_HK-bodypart_Pain-W_CLR-PURPLE_BG-IMAGE_ME-MIX_MA-YOUNG,US || Manual Bid || BFCM || COST CAP 71 || 1C || 15/11/24,SHARE,$1,135,2024-11-15,2025-03-27,132
315,CB_2023_Apr_FB_1989_RS_V08_9x16_VID_EN_Opti_C-Trend_CTA-SMR_Pain-W_M-MIX_VL-30s_TR-None_G-MF_P-None FB1933V05,US || V1 vs V2 || V1 - ORIGINAL || 7C || 15/03/25,,$1,55,2025-03-15,2025-03-18,3
316,CB_2025_Mar_FB_3910_LZ-JG_V02_1x1_IMG_EN_Opti_C-NegativeMark_Evergreen_CTA-NONE_Angle-W_M-NONE_VL-None_G-NONE_P-TRIAL_S-NONE_FB2227V08.png,US || Free trial offer || Trial ads || IC || 7C || 21/03/25,,$1,79,2025-03-21,2025-03-23,2
317,CB_2025_Jan_FB_3748_VK-DP_V03_4x5_IMG_EN_New_C-BulletPoints_Sale_CTA-NY_Angle-W-B-C_M-NONE_VL-None_G-M_P-OG_S-NONE.png - Copy,3748 - winner ads opti - GLP1 - VK-DP || Enhancements: OFF || GLP-1 || Batch 1 || 7C || 20/02/25w09 || Valentinas,SHARE,$1,20,2025-02-24,2025-03-18,22
318,CB_2025_Jan_FB_3739_DT_V03_4x5_VID_EN_Opti_C-Sale_Sale_CTA-70_Angle-W_M-MIX_VL-30s_G-MF_P-GLP1_S-WHAT_FB2103V03,GLP-1 üíú || ASC+ || US || 5% EXISTING CAP || 7C || 20/02/25 . Ad set,SHARE,$1,33,2025-02-24,2025-03-17,21
319,CB_2025_Mar_FB_3910_LZ-DP_V02_1x1_IMG_EN_Opti_C-NegativeMark_Evergreen_CTA-NONE_Angle-W_M-NONE_VL-None_G-NONE_P-TRIAL_S-NONE_FB2227V08.png,US || Free trial offer || Trial ads || ATC || 7C || 16/03/25,,$1,60,2025-03-16,2025-03-27,11
320,CB_2025_Jan_FB_3723_SO_V04_4x5_IMG_EN_New_C-NONE_Evergreen_CTA-SALE_Angle-W_M-NONE_VL-None_G-NONE_P-NONE_S-NONE,WC || CA || KILO LEADS || 7C || BROAD || 19.03.2025,SHARE,$1,66,2025-03-19,2025-03-22,3
321,CB_2025_Feb_FB_3818_LZ-VU_V05_1x1_IMG_EN_Opti_C-Headline_Evergreen_CTA-NONE_Angle-Cort_M-NONE_VL-None_G-NONE_P-NONE_S-NONE_FB3251V01,CB || ASC+ || SCALE || US || 0% EXISTING CAP || BROAD || 7C1EV || 20/03/25 Ad set,,$1,44,2025-03-20,2025-03-22,2
322,CB_2025_Jan_FB_3739_DT_V08_9x16_VID_EN_Opti_C-BulletPoints_Sale_CTA-70_Angle-W-B_M-MIX_VL-45s_G-MF_P-GLP1_S-WHAT_FB3311V09,GLP-1 üíú || ASC+ || US || 5% EXISTING CAP || 7C || 20/02/25 . Ad set,SHARE,$1,27,2025-02-24,2025-03-18,22
323,CB_2025_Feb_FB_3818_LZ-VU_V05_1x1_IMG_EN_Opti_C-Headline_Evergreen_CTA-NONE_Angle-Cort_M-NONE_VL-None_G-NONE_P-NONE_S-NONE_FB3251V01,3818 - It's not cheap Months+holidays || March || Enhancements: OFF || CBV1 || 7C || 14/03/25w11,,$1,10,2025-03-14,2025-03-17,3
324,CB_2024_Oct_FB_3251_LZ-VU_V01_1x1_IMG_EN_New_C-NegativeMark_Evergreen_CTA-NONE_Angle-Cort_M-NONE_VL-None_G-NONE_P-NONE_S-NONE.png,US || Manual Bid || BFCM || COST CAP 71 || 1C || 15/11/24,SHARE,$1,46,2024-11-15,2025-03-26,131
325,CB_2025_Jan_FB_3739_DT_V01_4x5_VID_EN_Opti_C-NegativeMark_Sale_CTA-70_Angle-W_M-MIX_VL-45s_G-MF_P-GLP1_S-MOON_FB2263V05,GLP-1 üíú || ASC+ || US || 5% EXISTING CAP || 7C || 20/02/25 . Ad set,SHARE,$1,29,2025-02-24,2025-03-18,22
326,CB_2025_Feb_FB_3803_CHUB_V11_1x1_IMG_EN_New_C-NONE_CTA-NONE_Angle-None_M-NONE_VL-None_TR-None_G-NONE_P-NONE_S-NONE_blog_cbglp1_cv_en,Attribution Test - NB UTM - URL || GLP-1 || LP:HI | 3803 Advertorials CHUB || Natural GLP-1 Enhancer Takes Its Place || Batch 3 || 12/07/25,,$1,11,2025-03-12,2025-03-17,5
327,CB_2024_Dec_FB_3611_CHUB_V05_4x5_IMG_EN_Opti_C-Headline_CTA-NONE_Angle-C_P-NONE_S-NONE - Copy,US || Manual Bid || BID CAP 111 || 1C || 21/12/24,SHARE,$1,35,2024-12-27,2025-03-24,87
328,CB_2025_Feb_FB_3818_LZ-VU_V17_1x1_IMG_EN_Opti_C-Headline_Evergreen_CTA-NONE_Angle-Cort_M-NONE_VL-None_G-NONE_P-NONE_S-NONE_FB3251V01,3818 - It's not cheap Months+holidays || March || Enhancements: OFF || CBV1 || 7C || 14/03/25w11,,$0,4,2025-03-14,2025-03-17,3
329,CB_2025_Jan_FB_3739_DT_V09_9x16_VID_EN_Opti_C-Testimonial_Sale_CTA-70_Angle-W-B_M-MIX_VL-45s_G-MF_P-GLP1_S-MOON_FB3278V04,GLP-1 üíú || ASC+ || US || 5% EXISTING CAP || 7C || 20/02/25 . Ad set,SHARE,$0,12,2025-02-24,2025-03-18,22
330,CB_2025_Mar_FB_3910_LZ-JG_V02_1x1_IMG_EN_Opti_C-NegativeMark_Evergreen_CTA-NONE_Angle-W_M-NONE_VL-None_G-NONE_P-TRIAL_S-NONE_FB2227V08.png,US || Free trial offer || Trial ads || 7C || 15/03/25,,$0,12,2025-03-15,2025-03-17,2
331,CB_2025_Jan_FB_3739_DT_V06_9x16_VID_EN_Opti_C-Testimonial_Sale_CTA-70_Angle-W_M-MIX_VL-45s_G-MF_P-GLP1_S-MOON_FB2764V04,GLP-1 üíú || ASC+ || US || 5% EXISTING CAP || 7C || 20/02/25 . Ad set,SHARE,$0,8,2025-02-24,2025-03-18,22
332,CB_2025_Feb_FB_3818_LZ-VU_V16_1x1_IMG_EN_Opti_C-Headline_Evergreen_CTA-NONE_Angle-Cort_M-NONE_VL-None_G-NONE_P-NONE_S-NONE_FB3251V01,3818 - It's not cheap Months+holidays || March || Enhancements: OFF || CBV1 || 7C || 14/03/25w11,,$0,6,2025-03-14,2025-03-17,3
333,CB_2025_Feb_FB_3865_SO-JG_V19_9x16_VID_EN_Opti_C-NONE_Evergreen_CTA-NONE_Angle-W_M-NONE_VL-30_G-NONE_P-OG_S-Moon_FB2263V04.mp4,3867 - Fat Costume Suit || Enhancements: OFF || CBV1 || Batch 5 || 7C || 03/03/25w10 || Valentinas,VIDEO,$0,1,2025-03-03,2025-03-19,16
334,CB_2025_Jan_FB_3757_LZ-DP_V17_9x16_VID_EN_Opti_C-NegativeMark_Evergreen_CTA-NONE_Angle-W_M-ATBJ_VL-45s_G-F_P-GLP1_S-MOON_FB3626V01.mp4,3757 - GLP1 video winner opti Batch 3+4 || Enhancements: OFF || GLP-1 || Batch 4 || 7C || 24/02/25w09 || Valentinas,VIDEO,$0,6,2025-02-24,2025-03-17,21
335,CB_2025_Feb_FB_3865_SO-JG_V20_9x16_VID_EN_Opti_C-NONE_Evergreen_CTA-NONE_Angle-W_M-NONE_VL-30_G-NONE_P-OG_S-Moon_FB2263V04.mp4,3867 - Fat Costume Suit || Enhancements: OFF || CBV1 || Batch 5 || 7C || 03/03/25w10 || Valentinas,VIDEO,$0,6,2025-03-03,2025-03-20,17
336,CB_2025_Jan_FB_3739_DT_V07_9x16_VID_EN_Opti_C-Testimonial_Sale_CTA-70_Angle-W_M-MIX_VL-45s_G-MF_P-GLP1_S-MOON_FB2823V02,GLP-1 üíú || ASC+ || US || 5% EXISTING CAP || 7C || 20/02/25 . Ad set,SHARE,$0,9,2025-02-24,2025-03-17,21
337,CB_2025_Jan_FB_3779_VK-DP_V03_1x1_VID_EN_Opti_C-BulletPoints_Evergreen_CTA-70_Angle-W-B-C_M-NONE_VL-None_G-F_P-OG_S-NEW_FB3705V02,3779 - opti 3705 || Enhancements: OFF || CBV1 || Batch 1 || 1C || 04/02/25w06 || Kostas,SHARE,$0,22,2025-02-04,2025-03-20,44
338,CB_2025_Feb_FB_3860_LZ-DP_V04_9x16_VID_EN_Opti_C-Testimonial_Evergreen_CTA-SALE_Angle-W_M-MOOD_VL-20s_G-M_P-OG_S-WOOD_FB21176V11_1,3860 - man boobs video 2176 opti || Enhancements: OFF || CBV1 || Batch 1 || 7C || 03/03/25w10 || Valentinas,VIDEO,$0,8,2025-03-03,2025-03-26,23
339,CB_2025_Feb_FB_3865_SO-JG_V18_9x16_VID_EN_Opti_C-NONE_Evergreen_CTA-NONE_Angle-W_M-NONE_VL-30_G-NONE_P-OG_S-Moon_FB2263V04,3867 - Fat Costume Suit || Enhancements: OFF || CBV1 || Batch 5 || 7C || 03/03/25w10 || Valentinas,VIDEO,$0,8,2025-03-03,2025-03-20,17
340,CB_2022_Mar3_FB_713_IK_V04_1x1_IMG_EN_Opti_C-WrittenTesti_HE-98_A-ExtremeBodyVisualization_HK-bodypart_Pain-W_CLR-PURPLE_BG-IMAGE_ME-MIX_MA-YOUNG,US || Manual Bid || BFCM || COST CAP 81 || 1C || 15/11/24,SHARE,$0,44,2024-11-15,2025-03-26,131
341,CB_2025_Mar_FB_3910_LZ-JG_V03_9x16_VID_EN_Opti_C-BulletPoints_Evergreen_CTA-NONE_Angle-W_M-MAN_VL-15s_G-M_P-TRIAL_S-WHAT_FB3097V03.mp4,US || Free trial offer || Trial ads || 7C || 15/03/25,,$0,4,2025-03-15,2025-03-17,2
342,CB_2025_Feb_FB_3883_LZ-RP_V03_9x16_VID_EN_Opti_C-Testimonial_Evergreen_CTA-SALE_Angle-W_M-MIX_VL-30s_G-MF_P-OG_S-WHAT_FB1989V08,3883 - Wiiner opti man boobs t levels || Enhancements: OFF || CBV1 || Batch 1 || 7C || 10/03/25w11,,$0,2,2025-03-10,2025-03-20,10
343,CB_2024_Oct_FB_3251_LZ-VU_V01_1x1_IMG_EN_New_C-NegativeMark_Evergreen_CTA-NONE_Angle-Cort_M-NONE_VL-None_G-NONE_P-NONE_S-NONE.png,US || Manual Bid || BFCM || COST CAP 81 || 1C || 15/11/24,SHARE,$0,2,2024-11-15,2025-03-17,122
344,CB_2025_Jan_FB_3757_LZ-DP_V20_9x16_VID_EN_Opti_C-NegativeMark_Evergreen_CTA-NONE_Angle-W-B_M-MAG_VL-45s_G-F_P-GLP1_S-WHAT_FB3311V14.mp4,3757 - GLP1 video winner opti Batch 3+4 || Enhancements: OFF || GLP-1 || Batch 4 || 7C || 24/02/25w09 || Valentinas,VIDEO,$0,1,2025-02-24,2025-03-17,21
